Rk,Player,Pos,Age,Tm,G,MP,PER,TS%,3PAr,FTr,ORB%,DRB%,TRB%,AST%,STL%,BLK%,TOV%,USG%, ,OWS,DWS,WS,WS/48, ,OBPM,DBPM,BPM,VORP
1,Alex Abrines\abrinal01,SG,24,OKC,57,915,8.4,.547,.733,.165,2.6,9.5,5.9,3.3,1.7,0.6,8.7,13.1,"",0.8,0.8,1.6,.083,"",-1.2,-1.6,-2.8,-0.2
2,Quincy Acy\acyqu01,PF,27,BRK,55,1120,7.1,.501,.787,.195,3.4,17.9,10.6,5.8,1.2,1.3,15.5,14.2,"",-0.5,1.0,0.5,.021,"",-2.9,0.1,-2.7,-0.2
3,Steven Adams\adamsst01,C,24,OKC,58,1896,21.2,.637,.004,.375,17.2,13.9,15.6,4.9,1.9,3.0,12.7,16.5,"",5.4,2.4,7.8,.198,"",2.4,1.1,3.5,2.6
4,Bam Adebayo\adebaba01,C,20,MIA,52,1055,17.1,.603,.024,.578,8.9,21.0,15.0,12.2,1.3,2.8,13.3,15.4,"",2.3,1.6,3.8,.174,"",-0.7,2.3,1.6,1.0
5,Arron Afflalo\afflaar01,SG,32,ORL,45,574,5.3,.505,.425,.179,0.6,11.3,5.9,6.0,0.2,1.0,11.1,12.4,"",-0.1,0.1,0.0,-0.004,"",-4.1,-2.0,-6.1,-0.6
6,Cole Aldrich\aldrico01,C,29,MIN,15,31,6.7,.340,.000,.400,11.1,18.9,15.0,4.3,3.2,2.9,7.8,18.2,"",-0.1,0.0,0.0,-0.014,"",-6.6,0.2,-6.4,0.0
7,LaMarcus Aldridge\aldrila01,C,32,SAS,57,1915,24.1,.564,.077,.296,10.9,16.2,13.6,11.1,0.8,2.9,7.0,28.6,"",5.3,2.6,8.0,.200,"",2.6,0.1,2.6,2.3
8,Jarrett Allen\allenja01,C,19,BRK,53,989,18.3,.631,.031,.343,10.7,18.7,14.6,6.3,1.1,3.5,13.1,16.7,"",2.1,1.1,3.2,.156,"",-0.8,1.2,0.5,0.6
9,Kadeem Allen\allenka01,PG,25,BOS,7,27,-1.8,.322,.500,.667,4.1,7.9,6.1,4.9,1.9,0.0,27.9,17.8,"",-0.1,0.0,-0.1,-0.146,"",-9.9,-0.4,-10.4,-0.1
10,Tony Allen\allento01,SF,36,NOP,22,273,8.7,.514,.132,.231,8.3,10.6,9.5,4.7,1.9,0.9,15.9,18.9,"",-0.1,0.2,0.1,.013,"",-4.0,-1.5,-5.5,-0.2
11,Al-Farouq Aminu\aminual01,PF,27,POR,48,1443,12.1,.538,.571,.134,4.6,21.9,13.4,5.2,1.5,1.6,10.1,14.5,"",1.0,2.1,3.0,.101,"",-0.7,1.3,0.6,0.9
12,Justin Anderson\anderju01,SF,24,PHI,26,365,12.8,.545,.474,.188,5.3,12.7,9.1,6.2,1.5,1.2,5.9,17.9,"",0.5,0.4,0.9,.115,"",-0.5,-1.5,-2.0,0.0
13,Kyle Anderson\anderky01,SF,24,SAS,54,1483,15.4,.573,.111,.336,4.7,18.4,11.6,14.4,2.5,2.6,16.0,13.8,"",1.6,2.8,4.4,.143,"",-0.7,4.0,3.3,2.0
14,Ryan Anderson\anderry01,PF,29,HOU,57,1570,12.7,.593,.707,.187,6.2,15.7,11.0,5.0,0.7,1.0,7.9,14.6,"",2.8,1.4,4.2,.128,"",1.1,-0.9,0.2,0.9
15,Ike Anigbogu\anigbik01,C,19,IND,10,28,23.1,.558,.000,.667,20.5,15.9,18.2,0.0,1.8,9.4,14.7,21.7,"",0.1,0.0,0.1,.174,"",-4.0,-1.6,-5.6,0.0
16,Giannis Antetokounmpo\antetgi01,PF,23,MIL,57,2116,28.0,.600,.093,.469,6.8,25.6,16.2,24.6,1.9,3.2,11.2,31.4,"",6.9,2.9,9.8,.223,"",4.4,2.1,6.5,4.5
17,Carmelo Anthony\anthoca01,PF,33,OKC,60,1941,13.3,.505,.386,.172,2.5,18.5,10.2,6.5,1.0,1.8,7.0,24.1,"",1.1,2.0,3.2,.078,"",-1.9,-2.0,-3.9,-0.9
18,OG Anunoby\anunoog01,SF,20,TOR,60,1228,9.8,.572,.582,.178,3.3,9.8,6.6,5.2,1.9,0.6,10.4,12.3,"",1.1,1.4,2.5,.097,"",0.2,0.5,0.7,0.8
19,Ryan Arcidiacono\arcidry01,PG,23,CHI,13,120,6.8,.582,.833,.167,0.0,6.5,3.1,14.3,2.0,0.0,18.9,5.8,"",0.1,0.1,0.2,.064,"",-3.2,-1.1,-4.2,-0.1
20,Trevor Ariza\arizatr01,SF,32,HOU,48,1663,12.3,.593,.738,.135,1.9,13.3,7.6,6.4,2.1,0.5,7.6,13.9,"",2.3,1.9,4.2,.121,"",1.4,0.6,2.0,1.7
21,Darrell Arthur\arthuda01,PF,29,DEN,15,129,8.1,.554,.452,.071,2.6,10.6,6.6,10.2,3.1,1.3,25.7,19.6,"",-0.2,0.1,0.0,-0.017,"",-3.9,-0.5,-4.4,-0.1
22,Jamel Artis\artisja01,SG,25,ORL,5,55,0.8,.246,.294,.176,2.0,12.2,7.1,9.7,0.0,0.0,0.0,14.6,"",-0.2,0.0,-0.2,-0.133,"",-8.1,-3.2,-11.3,-0.1
23,Omer Asik\asikom01,C,31,NOP,14,121,4.5,.423,.000,.750,6.5,26.5,16.8,2.0,0.4,1.3,19.0,9.4,"",-0.1,0.1,0.0,.003,"",-7.5,-1.0,-8.5,-0.2
24,D.J. Augustin\augusdj01,PG,30,ORL,54,1164,14.9,.602,.529,.374,1.7,8.1,4.9,22.7,1.8,0.0,16.1,18.2,"",2.0,0.4,2.4,.100,"",1.4,-2.5,-1.1,0.3
25,Luke Babbitt\babbilu01,SF,28,TOT,40,595,11.6,.628,.674,.126,1.1,15.5,8.3,6.9,0.6,0.7,8.4,14.9,"",0.8,0.3,1.1,.090,"",0.0,-2.2,-2.2,0.0
26,Dwayne Bacon\bacondw01,SG,22,CHO,40,484,4.7,.421,.270,.115,0.4,20.8,10.4,6.4,0.9,0.4,11.1,12.9,"",-0.6,0.4,-0.1,-0.012,"",-6.1,-0.2,-6.3,-0.5
27,Ron Baker\bakerro01,SG,24,NYK,29,385,9.3,.504,.559,.441,1.5,7.2,4.4,15.7,3.4,1.4,20.4,10.0,"",0.1,0.4,0.5,.065,"",-1.7,1.2,-0.4,0.2
28,Lonzo Ball\balllo01,PG,20,LAL,38,1264,12.6,.448,.496,.127,4.2,18.5,11.4,28.8,2.2,2.1,19.0,17.8,"",-0.4,1.8,1.3,.051,"",-1.1,2.5,1.4,1.1
29,J.J. Barea\bareajo01,PG,33,DAL,57,1341,17.7,.540,.460,.169,0.8,13.8,7.1,44.4,1.1,0.2,15.4,24.5,"",2.0,0.9,2.9,.102,"",2.3,-2.2,0.1,0.7
30,Harrison Barnes\barneha02,PF,25,DAL,60,2062,15.8,.541,.267,.256,3.4,18.1,10.5,9.3,1.0,0.6,8.3,24.5,"",1.5,1.6,3.1,.073,"",-0.8,-1.1,-2.0,0.0
31,Will Barton\bartowi01,SG,27,DEN,60,1955,16.0,.556,.411,.213,2.8,14.2,8.5,19.0,1.7,1.6,11.9,20.3,"",3.0,1.5,4.5,.111,"",1.4,-0.3,1.1,1.5
32,Nicolas Batum\batumni01,SG,29,CHO,48,1508,13.9,.514,.439,.182,2.8,12.8,7.7,24.9,1.8,0.9,14.7,18.6,"",1.0,1.5,2.5,.080,"",0.7,0.5,1.1,1.2
33,Jerryd Bayless\bayleje01,SG,29,PHI,39,925,7.7,.546,.557,.168,1.8,7.4,4.7,8.3,1.2,0.5,14.1,15.1,"",0.2,0.8,1.0,.051,"",-1.7,-1.2,-2.9,-0.2
34,Aron Baynes\baynear01,C,31,BOS,62,1109,11.9,.507,.028,.212,8.8,22.8,16.0,8.1,0.7,3.1,14.0,16.4,"",0.3,2.0,2.3,.101,"",-4.3,2.2,-2.1,0.0
35,Kent Bazemore\bazemke01,SG,28,ATL,61,1696,14.5,.541,.405,.308,1.6,14.6,8.1,20.3,2.8,2.2,17.0,22.5,"",0.2,1.9,2.1,.060,"",-0.6,1.2,0.6,1.1
36,Bradley Beal\bealbr01,SG,24,WAS,62,2258,19.2,.566,.352,.259,2.4,11.5,7.0,20.5,1.7,1.1,11.1,28.1,"",3.7,2.0,5.8,.122,"",3.0,-0.9,2.0,2.3
37,Malik Beasley\beaslma01,SG,21,DEN,52,526,8.1,.484,.438,.163,2.8,11.5,7.1,7.4,1.3,1.0,11.4,16.0,"",-0.1,0.3,0.2,.016,"",-3.4,-2.1,-5.4,-0.5
38,Michael Beasley\beaslmi01,PF,29,NYK,55,1156,17.9,.548,.094,.227,7.2,21.5,14.4,11.7,1.1,2.4,14.1,27.9,"",0.5,1.2,1.7,.070,"",-1.4,-0.5,-2.0,0.0
39,Marco Belinelli\belinma01,SG,31,TOT,57,1344,13.8,.558,.510,.224,1.2,7.8,4.5,12.6,1.8,0.3,9.6,21.0,"",1.4,0.7,2.1,.076,"",0.5,-2.5,-2.0,0.0
40,Jordan Bell\belljo01,C,23,GSW,40,566,19.4,.677,.023,.241,10.2,18.9,14.9,17.1,2.2,5.7,20.5,14.3,"",1.3,1.0,2.3,.198,"",1.2,4.0,5.1,1.0
41,DeAndre' Bembry\bembrde01,SF,23,ATL,21,364,5.7,.460,.238,.248,2.5,15.1,8.7,12.5,1.8,2.4,25.3,18.1,"",-0.8,0.3,-0.5,-0.067,"",-6.7,0.9,-5.8,-0.4
42,Dragan Bender\bendedr01,PF,20,PHO,63,1488,7.0,.526,.656,.096,1.9,16.0,8.8,8.3,0.5,2.1,17.6,12.8,"",-0.5,0.5,0.1,.002,"",-2.7,-0.2,-2.9,-0.3
43,Davis Bertans\bertada01,PF,25,SAS,58,880,13.7,.585,.686,.136,2.0,13.8,7.9,9.7,1.1,2.2,8.2,16.9,"",1.3,1.2,2.4,.134,"",1.1,-0.2,0.8,0.6
44,Patrick Beverley\beverpa01,SG,29,LAC,11,334,12.4,.530,.504,.143,5.3,9.4,7.4,14.0,2.8,1.3,16.5,19.6,"",0.1,0.3,0.4,.060,"",0.3,0.6,0.9,0.2
45,Khem Birch\birchkh01,C,25,ORL,24,273,15.3,.555,.000,.491,14.2,19.6,16.9,8.7,1.6,2.9,14.8,13.1,"",0.4,0.3,0.7,.123,"",-1.3,1.4,0.1,0.1
46,Jabari Bird\birdja01,SG,23,BOS,4,22,6.0,.403,.500,1.250,0.0,9.7,5.0,6.1,2.3,0.0,0.0,12.6,"",0.0,0.0,0.0,.058,"",-4.5,-0.1,-4.6,0.0
47,Bismack Biyombo\biyombi01,C,25,ORL,61,1172,13.8,.567,.004,.500,10.2,23.9,17.0,5.3,0.7,5.2,17.0,14.1,"",1.0,1.2,2.2,.090,"",-3.4,1.8,-1.6,0.1
48,Nemanja Bjelica\bjeline01,PF,29,MIN,49,807,13.9,.610,.509,.129,4.4,19.3,11.8,9.0,1.9,0.8,11.6,14.7,"",1.3,0.7,2.0,.118,"",1.2,-0.5,0.7,0.6
49,Tarik Black\blackta01,C,26,HOU,39,397,13.9,.572,.078,.447,13.8,18.8,16.3,3.4,2.1,4.8,19.6,17.0,"",0.3,0.7,1.0,.117,"",-3.3,1.8,-1.6,0.0
50,Antonio Blakeney\blakean01,SG,21,CHI,12,170,8.7,.466,.366,.256,1.8,11.1,6.3,6.6,0.6,0.0,8.1,25.5,"",-0.2,0.1,-0.2,-0.046,"",-4.7,-4.7,-9.4,-0.3
51,Eric Bledsoe\bledser01,PG,28,TOT,53,1650,18.6,.565,.367,.323,2.5,11.5,7.0,23.7,3.3,1.5,16.1,26.7,"",1.4,1.9,3.3,.095,"",1.5,-0.1,1.4,1.4
52,Vander Blue\blueva01,SG,25,LAL,5,45,-1.8,.255,.400,.400,0.0,2.4,1.2,8.1,1.1,0.0,33.8,8.3,"",-0.1,0.0,-0.1,-0.102,"",-8.7,-1.3,-10.0,-0.1
53,Bogdan Bogdanovic\bogdabo01,SG,25,SAC,58,1593,13.8,.571,.424,.157,1.5,10.2,5.7,18.3,1.8,0.9,14.6,19.3,"",1.4,0.6,2.0,.060,"",0.6,-1.6,-1.0,0.4
54,Bojan Bogdanovic\bogdabo02,SF,28,IND,60,1845,13.5,.601,.463,.226,1.4,10.7,6.1,6.7,1.2,0.2,10.2,18.7,"",2.5,1.1,3.6,.095,"",0.9,-2.1,-1.1,0.4
55,Andrew Bogut\bogutan01,C,33,LAL,24,216,10.8,.696,.000,.080,12.8,25.5,19.1,9.0,0.9,4.9,42.3,8.7,"",0.1,0.3,0.4,.092,"",-3.7,3.6,-0.1,0.1
56,Joel Bolomboy\bolomjo01,PF,24,MIL,6,38,11.8,.521,.167,1.000,18.7,12.4,15.5,0.0,2.6,0.0,18.8,12.8,"",0.0,0.0,0.1,.084,"",-3.2,-4.4,-7.5,-0.1
57,Devin Booker\bookede01,SG,21,PHO,48,1656,18.6,.562,.369,.328,1.5,13.1,7.1,24.8,1.3,0.6,13.7,31.6,"",2.1,0.6,2.6,.076,"",3.3,-2.3,0.9,1.2
58,Trevor Booker\booketr01,PF,30,TOT,51,889,15.1,.571,.073,.317,10.4,18.6,14.6,11.6,1.3,1.5,14.5,16.7,"",1.2,1.0,2.3,.122,"",-1.0,0.9,-0.2,0.4
59,Avery Bradley\bradlav01,SG,27,TOT,46,1433,9.7,.496,.325,.131,1.7,7.4,4.5,10.4,1.8,0.5,13.3,23.4,"",-1.4,1.2,-0.2,-0.007,"",-2.8,-1.4,-4.1,-0.8
60,Tony Bradley\bradlto01,C,20,UTA,8,28,10.0,.337,.091,.182,16.3,28.7,22.5,5.3,0.0,0.0,0.0,19.2,"",0.0,0.0,0.0,.019,"",-6.6,-3.4,-9.9,-0.1
61,Corey Brewer\breweco01,SF,31,LAL,54,694,8.9,.509,.250,.297,3.5,10.7,7.1,8.0,2.8,0.9,16.3,14.1,"",-0.2,0.9,0.7,.048,"",-3.6,0.9,-2.7,-0.1
62,Malcolm Brogdon\brogdma01,PG,25,MIL,46,1404,14.5,.579,.319,.174,1.9,10.8,6.4,16.7,1.5,0.8,11.0,19.2,"",2.0,0.9,2.9,.098,"",0.7,-1.6,-0.9,0.4
63,Aaron Brooks\brookaa01,PG,33,MIN,29,160,9.8,.513,.412,.118,3.6,5.9,4.7,15.7,1.9,0.0,14.4,17.3,"",0.1,0.1,0.1,.036,"",-1.1,-3.1,-4.2,-0.1
64,Dillon Brooks\brookdi01,SF,22,MEM,60,1694,8.1,.527,.345,.178,2.0,10.7,6.3,7.9,1.5,0.8,13.3,15.7,"",-0.2,1.1,0.9,.026,"",-2.5,-0.6,-3.0,-0.4
65,Bobby Brown\brownbo02,PG,33,HOU,20,115,5.5,.425,.690,.034,0.0,6.9,3.5,14.8,1.7,0.0,13.3,25.9,"",-0.3,0.1,-0.2,-0.080,"",-5.0,-4.3,-9.3,-0.2
66,Jaylen Brown\brownja02,SF,21,BOS,58,1807,13.1,.549,.397,.284,3.5,14.8,9.3,8.4,1.5,1.0,11.2,20.8,"",0.9,2.8,3.7,.099,"",-0.8,0.6,-0.2,0.8
67,Lorenzo Brown\brownlo01,PG,27,TOR,12,95,5.7,.333,.333,.000,0.0,11.5,5.9,16.1,1.5,0.0,4.5,10.1,"",0.0,0.1,0.1,.027,"",-4.4,-0.2,-4.6,-0.1
68,Markel Brown\brownma02,SG,26,HOU,4,31,-1.3,.357,.714,.000,3.7,14.6,9.2,8.7,0.0,0.0,22.2,12.8,"",-0.1,0.0,0.0,-0.065,"",-6.6,-1.8,-8.4,-0.1
69,Sterling Brown\brownst02,SG,22,MIL,36,550,9.8,.506,.431,.111,4.1,18.2,11.2,3.6,2.6,1.7,11.2,14.1,"",-0.1,0.7,0.6,.051,"",-3.2,-0.1,-3.4,-0.2
70,Nicolas Brussino\brussni01,SF,24,ATL,4,10,-4.6,.000,1.000,.000,0.0,34.3,17.0,0.0,0.0,0.0,0.0,8.8,"",0.0,0.0,0.0,-0.177,"",-13.7,-4.9,-18.7,0.0
71,Thomas Bryant\bryanth01,C,20,LAL,8,29,11.9,.473,.556,.667,3.7,18.3,11.0,9.3,0.0,0.0,0.0,16.9,"",0.0,0.0,0.1,.091,"",-2.0,-3.5,-5.5,0.0
72,Reggie Bullock\bullore01,SF,26,DET,46,1213,13.2,.623,.531,.096,1.4,8.3,4.8,7.7,1.4,0.7,7.5,14.6,"",1.9,1.0,2.9,.115,"",1.1,-0.6,0.6,0.8
73,Trey Burke\burketr01,PG,25,NYK,16,250,25.3,.598,.246,.154,1.8,7.6,4.7,40.6,1.4,0.7,7.3,26.2,"",1.0,0.1,1.1,.218,"",6.4,-3.7,2.7,0.3
74,Alec Burks\burksal01,SG,26,UTA,55,971,13.8,.526,.332,.303,2.0,18.8,10.4,10.1,1.8,0.7,10.5,23.0,"",0.3,1.3,1.6,.078,"",-2.3,-0.6,-2.9,-0.2
75,Jimmy Butler\butleji01,SG,28,MIN,56,2077,23.6,.589,.220,.446,4.2,13.0,8.5,20.6,2.6,1.0,8.9,24.7,"",6.9,1.7,8.7,.200,"",4.8,0.0,4.8,3.6
76,Dwight Buycks\buyckdw01,PG,28,DET,20,296,15.7,.524,.217,.225,3.7,8.5,6.0,25.6,2.2,0.6,14.6,26.5,"",0.2,0.3,0.5,.075,"",-0.7,-1.5,-2.1,0.0
77,Bruno Caboclo\cabocbr01,SF,22,TOT,3,26,1.5,.222,.556,.000,8.4,8.8,8.8,10.0,3.8,0.0,10.0,17.2,"",-0.1,0.0,-0.1,-0.131,"",-6.0,-0.5,-6.4,0.0
78,Jose Calderon\caldejo01,PG,36,CLE,41,614,10.4,.640,.545,.164,1.5,8.4,5.0,17.4,1.6,0.0,18.1,10.4,"",0.9,0.2,1.1,.089,"",-0.3,-1.9,-2.2,0.0
79,Kentavious Caldwell-Pope\caldwke01,SG,24,LAL,52,1702,13.5,.551,.508,.240,2.7,14.1,8.4,9.7,2.3,0.5,9.3,17.2,"",1.8,2.0,3.7,.105,"",0.6,0.5,1.1,1.3
80,Isaiah Canaan\canaais01,PG-SG,26,TOT,20,422,13.6,.539,.482,.372,1.5,10.1,5.7,26.8,1.8,0.2,15.4,18.9,"",0.5,0.2,0.7,.074,"",0.3,-2.5,-2.3,0.0
81,Clint Capela\capelca01,C,23,HOU,55,1506,25.5,.660,.002,.393,13.8,32.0,22.9,6.2,1.4,5.6,12.0,20.2,"",5.0,2.9,7.8,.250,"",0.5,2.7,3.2,2.0
82,DeMarre Carroll\carrode01,SF,31,BRK,57,1701,14.2,.539,.481,.304,5.7,17.6,11.6,10.8,1.3,1.1,10.5,19.9,"",1.7,1.5,3.2,.090,"",0.3,0.1,0.4,1.0
83,Vince Carter\cartevi01,SF,41,SAC,41,706,12.0,.533,.572,.124,1.6,14.1,7.5,10.8,2.6,2.8,10.1,14.5,"",0.4,0.6,1.0,.066,"",-0.9,0.7,-0.2,0.3
84,Michael Carter-Williams\cartemi01,PG,26,CHO,50,802,11.4,.458,.271,.381,4.9,13.1,8.9,20.2,2.6,2.4,16.7,16.5,"",0.0,1.1,1.1,.064,"",-2.3,2.2,-0.1,0.4
85,Alex Caruso\carusal01,PG,23,LAL,24,309,7.7,.475,.333,.200,2.7,7.9,5.3,19.4,1.8,1.6,24.3,11.7,"",-0.1,0.3,0.2,.031,"",-4.1,0.0,-4.1,-0.2
86,Omri Casspi\casspom01,SF,29,GSW,47,680,15.4,.627,.110,.319,4.9,24.1,15.3,9.3,1.3,2.1,13.5,16.2,"",1.1,0.9,2.0,.144,"",-1.4,0.3,-1.0,0.2
87,Willie Cauley-Stein\caulewi01,C,24,SAC,56,1542,17.3,.522,.019,.320,7.3,22.0,14.3,12.5,2.0,3.2,11.1,22.0,"",1.0,1.4,2.4,.076,"",-1.6,1.3,-0.3,0.7
88,Tyler Cavanaugh\cavanty01,PF,23,ATL,30,413,14.3,.603,.612,.147,9.3,18.0,13.6,9.2,1.1,0.6,8.2,14.3,"",0.9,0.3,1.2,.134,"",1.6,-1.2,0.4,0.3
89,Mario Chalmers\chalmma01,PG,31,MEM,54,1200,9.8,.488,.412,.307,1.1,12.0,6.5,21.7,2.8,0.7,18.3,19.6,"",-0.7,1.2,0.5,.020,"",-2.6,-0.2,-2.8,-0.3
90,Tyson Chandler\chandty01,C,35,PHO,42,1066,14.1,.639,.000,.514,12.7,28.0,20.1,6.5,0.6,1.9,20.6,10.6,"",1.6,0.8,2.4,.108,"",-1.4,0.9,-0.5,0.4
91,Wilson Chandler\chandwi01,SF,30,DEN,55,1696,10.6,.528,.378,.187,5.2,14.2,9.7,9.6,0.8,1.5,12.5,14.7,"",1.3,0.9,2.2,.062,"",-1.0,-0.4,-1.3,0.3
92,Marquese Chriss\chrisma01,PF,20,PHO,55,1126,9.4,.483,.435,.314,4.6,22.0,13.1,8.7,1.6,3.7,17.0,17.1,"",-0.9,1.1,0.2,.007,"",-3.7,1.4,-2.3,-0.1
93,Ian Clark\clarkia01,SG,26,NOP,55,983,8.2,.515,.454,.125,1.0,8.9,5.1,9.8,1.0,0.7,11.0,16.4,"",-0.1,0.5,0.4,.017,"",-2.5,-2.1,-4.6,-0.6
94,Jordan Clarkson\clarkjo01,SG,25,TOT,59,1384,17.2,.539,.324,.194,3.5,10.0,6.8,22.1,1.4,0.2,11.6,27.4,"",1.4,1.0,2.4,.084,"",1.1,-2.4,-1.2,0.3
95,Gian Clavell\clavegi01,SG,24,DAL,7,64,7.5,.530,.833,.111,1.7,10.9,6.1,6.8,1.6,0.0,9.6,14.9,"",0.0,0.0,0.1,.042,"",-1.6,-1.9,-3.5,0.0
96,Antonius Cleveland\clevean01,SG,23,DAL,13,81,5.1,.317,.071,.286,2.7,11.4,6.9,3.3,3.7,4.5,11.3,10.0,"",-0.1,0.1,0.0,-0.005,"",-7.5,4.5,-3.0,0.0
97,John Collins\collijo01,PF,20,ATL,56,1265,19.5,.621,.048,.346,13.3,22.1,17.7,7.1,1.3,4.5,13.5,18.4,"",2.8,1.5,4.2,.161,"",0.1,1.5,1.6,1.2
98,Zach Collins\colliza01,C,20,POR,45,681,7.6,.466,.362,.151,4.9,19.2,12.2,7.3,0.9,2.5,15.4,15.1,"",-0.5,0.9,0.4,.030,"",-4.2,1.1,-3.2,-0.2
99,Kyle Collinsworth\colliky01,SF,26,DAL,17,202,9.4,.495,.162,.459,4.9,17.8,11.1,12.8,2.2,0.9,18.4,12.3,"",0.0,0.2,0.2,.051,"",-4.1,1.8,-2.3,0.0
100,Darren Collison\collida01,PG,30,IND,52,1574,18.6,.608,.327,.234,2.1,7.8,5.0,24.8,2.4,0.7,10.8,17.3,"",4.4,1.4,5.8,.176,"",3.1,-1.0,2.1,1.6
101,Nick Collison\collini01,PF,37,OKC,10,58,12.9,.696,.000,.545,9.3,22.0,15.4,10.1,0.0,0.0,26.8,13.9,"",0.1,0.0,0.1,.093,"",-3.0,-1.9,-4.9,0.0
102,Mike Conley\conlemi01,PG,30,MEM,12,373,15.6,.520,.458,.393,0.0,8.5,4.2,22.7,1.6,0.7,8.4,26.1,"",0.4,0.2,0.7,.084,"",1.2,-3.3,-2.1,0.0
103,Pat Connaughton\connapa01,SG,25,POR,61,1151,10.2,.561,.527,.132,2.0,9.2,5.7,9.3,0.6,1.1,8.9,13.8,"",1.3,0.8,2.1,.090,"",-0.5,-0.8,-1.3,0.2
104,Quinn Cook\cookqu01,PG,24,GSW,13,123,10.1,.548,.486,.027,3.0,9.2,6.4,17.9,0.0,0.0,9.7,14.7,"",0.2,0.0,0.2,.088,"",-0.4,-3.9,-4.3,-0.1
105,Charles Cooke\cookech01,SG,23,NOP,9,24,-1.9,.276,.600,.200,0.0,4.5,2.3,5.3,2.0,0.0,8.4,21.5,"",-0.1,0.0,-0.1,-0.214,"",-9.5,-4.3,-13.8,-0.1
106,Jack Cooley\cooleja01,PF,26,SAC,1,2,48.4,.532,.000,2.000,0.0,59.8,28.6,62.0,0.0,0.0,0.0,42.2,"",0.0,0.0,0.0,.524,"",12.2,5.5,17.6,0.0
107,Matt Costello\costema01,C,24,SAS,3,18,3.4,.333,.000,.000,6.2,36.9,21.6,0.0,0.0,9.3,25.0,10.0,"",0.0,0.0,0.0,.015,"",-12.6,1.5,-11.1,0.0
108,DeMarcus Cousins\couside01,C,27,NOP,48,1737,22.8,.583,.340,.456,6.8,31.5,19.5,23.5,2.2,3.5,18.9,31.9,"",1.6,3.0,4.7,.129,"",1.9,3.4,5.3,3.2
109,Robert Covington\covinro01,PF,27,PHI,57,1833,11.6,.551,.654,.169,2.6,15.6,9.3,8.5,2.4,1.8,13.9,17.5,"",0.6,2.8,3.4,.089,"",-0.2,1.4,1.2,1.5
110,Allen Crabbe\crabbal01,SG,25,BRK,58,1708,11.0,.540,.633,.159,1.3,14.4,7.8,8.3,1.0,0.9,9.0,18.9,"",0.8,1.2,2.0,.055,"",-0.4,-1.0,-1.3,0.3
111,Torrey Craig\craigto01,SF,27,DEN,26,418,9.8,.535,.418,.319,6.7,14.5,10.6,5.5,0.9,1.2,9.6,11.9,"",0.4,0.2,0.7,.076,"",-1.5,-1.2,-2.7,-0.1
112,Jamal Crawford\crawfja01,SG,37,MIN,62,1196,14.5,.531,.431,.166,1.1,5.8,3.4,18.2,1.3,0.5,10.0,24.5,"",1.2,0.3,1.5,.061,"",0.7,-4.3,-3.6,-0.5
113,Jordan Crawford\crawfjo02,SG,29,NOP,2,37,15.8,.643,.357,.000,6.1,2.9,4.5,36.0,0.0,2.2,22.2,21.1,"",0.1,0.0,0.1,.123,"",1.2,-4.9,-3.6,0.0
114,Jae Crowder\crowdja01,SF,27,TOT,59,1518,10.2,.535,.493,.250,3.3,11.3,7.4,6.6,1.5,0.8,9.6,16.1,"",0.9,0.8,1.7,.053,"",-0.9,-1.2,-2.1,0.0
115,Dante Cunningham\cunnida01,SF,30,TOT,57,1247,9.1,.534,.464,.156,5.2,14.7,10.0,3.8,1.2,1.3,7.9,10.6,"",0.8,1.0,1.7,.066,"",-1.7,-0.1,-1.8,0.1
116,Stephen Curry\curryst01,PG,29,GSW,47,1546,27.4,.671,.583,.347,2.7,14.2,8.9,30.2,2.3,0.3,13.8,30.6,"",6.7,1.8,8.5,.264,"",9.4,-1.3,8.1,3.9
117,Troy Daniels\danietr01,SG,26,PHO,63,1232,9.8,.591,.810,.124,0.7,6.6,3.6,4.6,0.7,0.3,8.2,16.9,"",1.4,-0.1,1.3,.051,"",1.0,-3.8,-2.7,-0.2
118,Anthony Davis\davisan02,PF,24,NOP,55,2018,28.8,.616,.113,.430,8.2,24.7,16.6,11.1,1.9,4.8,8.5,29.4,"",7.0,3.1,10.1,.241,"",3.1,1.6,4.7,3.4
119,Deyonta Davis\davisde01,C,21,MEM,42,556,18.9,.662,.000,.233,9.3,22.5,15.9,6.4,0.9,4.8,11.2,16.1,"",1.3,0.7,2.0,.170,"",-0.9,0.9,0.1,0.3
120,Ed Davis\davised01,C,28,POR,61,1147,16.4,.608,.000,.401,14.4,27.9,21.3,3.8,1.3,3.0,15.5,12.7,"",2.2,1.9,4.1,.172,"",-1.4,1.7,0.3,0.7
121,Dewayne Dedmon\dedmode01,C,28,ATL,43,1008,16.9,.632,.277,.178,8.0,28.0,17.9,9.6,1.1,2.7,14.8,17.3,"",1.6,1.2,2.8,.132,"",-0.2,1.0,0.9,0.7
122,Sam Dekker\dekkesa01,PF,23,LAC,55,724,10.5,.506,.275,.209,5.4,15.4,10.4,6.4,1.4,0.9,10.5,15.4,"",0.2,0.6,0.8,.054,"",-2.6,-0.6,-3.3,-0.2
123,Malcolm Delaney\delanma01,PG,28,ATL,52,984,10.2,.512,.431,.318,1.0,10.3,5.6,23.1,1.6,0.4,17.4,16.9,"",0.3,0.5,0.8,.039,"",-2.2,-1.7,-4.0,-0.5
124,Matthew Dellavedova\dellama01,PG,27,MIL,37,702,8.8,.506,.517,.168,2.2,8.4,5.3,27.9,1.0,0.0,23.1,13.5,"",0.3,0.3,0.6,.039,"",-2.2,-3.4,-5.6,-0.6
125,Luol Deng\denglu01,SF,32,LAL,1,13,5.5,.500,.000,.000,0.0,0.0,0.0,10.0,3.7,0.0,33.3,9.7,"",0.0,0.0,0.0,-0.018,"",-7.2,-1.3,-8.5,0.0
126,DeMar DeRozan\derozde01,SG,28,TOR,60,2041,22.0,.561,.194,.401,2.5,10.2,6.5,24.8,1.7,0.7,9.5,30.0,"",5.5,2.3,7.8,.184,"",3.1,-0.7,2.4,2.3
127,Cheick Diallo\diallch01,PF,21,NOP,33,289,15.5,.579,.000,.323,7.4,28.1,18.1,4.5,0.8,2.8,9.4,17.6,"",0.4,0.4,0.8,.127,"",-3.9,-1.0,-5.0,-0.2
128,Gorgui Dieng\dienggo01,C,28,MIN,61,1073,15.0,.549,.152,.284,8.7,21.9,15.3,7.7,1.9,2.5,12.3,16.4,"",1.3,1.1,2.4,.109,"",-0.9,0.7,-0.2,0.5
129,Spencer Dinwiddie\dinwisp01,PG,24,BRK,61,1774,16.9,.530,.513,.307,1.8,10.3,6.0,37.1,1.4,0.8,11.1,21.1,"",3.7,1.2,4.9,.133,"",2.8,-1.6,1.1,1.4
130,Tyler Dorsey\dorsety01,SG,21,ATL,36,484,9.7,.474,.561,.197,2.3,14.2,8.2,12.7,0.9,0.5,7.4,18.4,"",0.0,0.2,0.2,.024,"",-2.1,-2.4,-4.5,-0.3
131,Damyean Dotson\dotsoda01,SG,23,NYK,29,247,9.6,.494,.429,.117,2.3,16.2,9.3,9.8,1.4,0.4,10.0,15.9,"",0.0,0.2,0.2,.041,"",-2.3,-1.3,-3.6,-0.1
132,Milton Doyle\doylemi01,SG,24,BRK,6,63,4.5,.342,.520,.120,3.3,11.9,7.5,9.4,1.5,1.2,7.1,19.4,"",-0.2,0.0,-0.1,-0.083,"",-6.1,-1.5,-7.6,-0.1
133,PJ Dozier\doziepj01,PG,21,OKC,2,3,-5.0,.500,.000,.000,0.0,38.6,18.6,0.0,0.0,0.0,33.3,43.1,"",0.0,0.0,0.0,-0.403,"",-23.6,-10.5,-34.0,0.0
134,Goran Dragic\dragigo01,PG,31,MIA,56,1783,16.5,.532,.283,.257,2.7,12.0,7.3,26.4,1.3,0.6,12.0,26.4,"",1.9,1.8,3.7,.100,"",1.0,-0.9,0.1,0.9
135,Larry Drew\drewla02,PG,27,PHI,3,15,-9.4,.143,.429,.000,7.5,0.0,3.6,17.7,0.0,0.0,12.5,22.8,"",-0.1,0.0,-0.1,-0.307,"",-12.0,-5.4,-17.4,-0.1
136,Andre Drummond\drumman01,C,24,DET,59,1962,24.0,.563,.011,.434,16.8,36.6,26.4,16.5,2.4,4.2,16.4,21.3,"",3.9,4.3,8.1,.199,"",1.1,5.7,6.8,4.4
137,Jared Dudley\dudleja01,PF,32,PHO,35,471,8.2,.524,.675,.275,1.6,11.4,6.4,17.0,1.6,0.9,16.7,9.7,"",0.3,0.2,0.5,.051,"",-1.9,-0.7,-2.6,-0.1
138,Kris Dunn\dunnkr01,PG,23,CHI,45,1323,14.1,.476,.191,.157,1.7,15.0,8.1,33.6,3.3,1.6,17.5,25.4,"",-1.3,1.7,0.4,.015,"",-1.9,1.6,-0.3,0.6
139,Kevin Durant\duranke01,PF,29,GSW,54,1859,25.8,.649,.341,.326,1.6,18.8,10.9,24.8,1.1,4.2,13.2,29.3,"",6.2,2.5,8.7,.224,"",4.9,0.9,5.8,3.7
140,Jarell Eddie\eddieja01,SF,26,BOS,2,6,4.0,.000,1.000,.000,0.0,17.9,9.1,0.0,8.3,0.0,0.0,7.5,"",0.0,0.0,0.0,-0.025,"",-8.6,5.2,-3.4,0.0
141,Henry Ellenson\ellenhe01,PF,21,DET,25,161,7.1,.412,.387,.080,4.0,27.1,15.2,8.6,0.9,0.0,10.4,23.7,"",-0.4,0.2,-0.2,-0.052,"",-6.6,-2.5,-9.1,-0.3
142,Wayne Ellington\ellinwa01,SG,30,MIA,60,1582,12.5,.584,.837,.115,1.3,11.4,6.3,6.3,1.2,0.3,6.8,17.3,"",1.9,1.5,3.4,.103,"",1.7,-1.7,0.0,0.8
143,Joel Embiid\embiijo01,C,23,PHI,48,1504,23.7,.584,.200,.446,8.0,30.0,19.4,18.4,1.1,4.8,15.9,33.3,"",2.2,2.9,5.1,.162,"",0.8,2.5,3.3,2.0
144,James Ennis\ennisja01,SF,27,TOT,52,1185,12.2,.603,.376,.342,5.8,11.5,8.6,6.9,1.5,1.1,12.3,13.3,"",1.7,0.9,2.5,.103,"",-0.3,-0.2,-0.6,0.4
145,Tyler Ennis\ennisty01,PG,23,LAL,36,381,8.6,.418,.264,.144,2.5,11.7,7.1,21.3,1.7,1.1,11.3,16.5,"",-0.1,0.4,0.2,.029,"",-4.0,-0.6,-4.6,-0.2
146,Jawun Evans\evansja01,PG,21,LAC,38,701,7.2,.412,.205,.197,1.3,10.6,6.0,18.3,2.4,0.7,13.9,18.6,"",-0.9,0.7,-0.2,-0.017,"",-4.6,-0.1,-4.7,-0.5
147,Tyreke Evans\evansty01,PG,28,MEM,49,1518,21.3,.561,.352,.252,3.2,16.0,9.6,31.3,1.7,0.9,11.0,28.4,"",3.1,1.3,4.4,.138,"",4.6,-0.6,3.9,2.3
148,Kenneth Faried\farieke01,PF,28,DEN,32,461,17.5,.552,.007,.345,16.6,21.0,18.8,5.8,1.3,2.4,11.9,18.2,"",0.9,0.4,1.3,.134,"",-1.1,-0.9,-2.1,0.0
149,Derrick Favors\favorde01,C,26,UTA,58,1634,18.5,.583,.065,.312,10.2,19.7,14.9,7.7,1.4,2.9,10.4,18.8,"",3.1,2.4,5.5,.160,"",0.0,1.8,1.7,1.5
150,Kay Felder\feldeka01,PG,22,TOT,15,137,2.9,.375,.279,.176,1.5,10.5,5.9,22.4,1.1,0.6,17.9,28.5,"",-0.6,0.1,-0.5,-0.185,"",-8.7,-3.4,-12.1,-0.3
151,Cristiano Felicio\feliccr01,C,25,CHI,35,494,11.4,.619,.000,.375,7.8,13.9,10.7,8.7,0.5,1.6,17.7,13.0,"",0.6,0.3,0.9,.083,"",-2.6,-0.2,-2.8,-0.1
152,Raymond Felton\feltora01,PG,33,OKC,63,1085,13.8,.503,.395,.095,2.4,11.8,6.9,23.5,1.7,0.8,11.8,20.2,"",1.0,1.0,2.1,.092,"",-0.7,-1.7,-2.5,-0.1
153,Terrance Ferguson\fergute01,SG,19,OKC,47,578,6.5,.512,.682,.045,3.2,3.8,3.5,3.1,1.6,1.1,6.3,10.7,"",0.3,0.4,0.8,.064,"",-1.8,-1.3,-3.1,-0.2
154,Yogi Ferrell\ferreyo01,SG,24,DAL,62,1801,10.9,.553,.496,.159,1.5,11.7,6.4,11.5,1.3,0.3,10.2,16.1,"",1.2,1.2,2.4,.063,"",-0.5,-0.4,-1.0,0.5
155,Dorian Finney-Smith\finnedo01,PF,24,DAL,8,94,5.3,.568,.636,.091,5.8,6.2,6.0,7.8,0.0,1.0,23.4,14.5,"",0.0,0.0,0.0,-0.006,"",-3.0,-2.1,-5.1,-0.1
156,Bryn Forbes\forbebr01,SG,24,SAS,62,1253,8.6,.514,.478,.132,0.9,7.3,4.1,7.3,1.0,0.1,6.9,17.2,"",0.3,1.1,1.5,.056,"",-1.4,-1.9,-3.3,-0.4
157,Evan Fournier\fournev01,SF,25,ORL,53,1719,15.8,.581,.413,.216,1.5,9.5,5.5,14.3,1.3,0.7,10.2,23.3,"",2.5,0.6,3.0,.084,"",1.8,-2.3,-0.4,0.7
158,De'Aaron Fox\foxde01,PG,20,SAC,53,1450,11.3,.481,.189,.256,1.8,9.4,5.4,24.8,1.8,0.8,16.8,23.2,"",-1.0,0.5,-0.6,-0.019,"",-2.7,-2.0,-4.7,-1.0
159,Tim Frazier\fraziti01,PG,27,WAS,48,720,11.9,.493,.315,.188,2.7,12.4,7.6,31.4,2.7,0.9,24.0,13.0,"",0.5,0.9,1.3,.089,"",-2.0,0.3,-1.7,0.0
160,Channing Frye\fryech01,C,34,TOT,45,556,13.7,.609,.535,.088,2.0,20.0,11.2,7.5,1.4,1.8,9.2,15.5,"",0.7,0.5,1.2,.100,"",-0.6,-0.9,-1.5,0.1
161,Markelle Fultz\fultzma01,SG,19,PHI,4,76,3.7,.372,.000,.444,4.4,8.3,6.5,13.1,1.3,1.1,15.7,21.6,"",-0.2,0.1,-0.1,-0.086,"",-8.6,-1.3,-10.0,-0.2
162,Danilo Gallinari\gallida01,SF,29,LAC,19,615,14.3,.551,.440,.320,1.4,14.9,8.3,9.5,0.9,0.8,7.7,21.0,"",0.9,0.4,1.3,.099,"",0.3,-1.6,-1.3,0.1
163,Langston Galloway\gallola01,SG,26,DET,49,727,12.8,.520,.663,.121,1.8,10.4,6.0,10.8,1.8,0.6,5.1,19.0,"",0.7,0.7,1.4,.090,"",0.5,-1.6,-1.1,0.2
164,Marc Gasol\gasolma01,C,33,MEM,58,1965,17.1,.525,.292,.336,3.9,25.3,14.5,20.7,1.0,4.1,14.1,26.3,"",0.8,2.4,3.2,.078,"",-0.7,1.9,1.2,1.6
165,Pau Gasol\gasolpa01,C,37,SAS,58,1446,19.0,.550,.198,.326,7.2,30.2,18.8,20.1,0.6,3.5,13.5,20.2,"",2.3,2.6,4.9,.163,"",0.0,3.2,3.2,1.9
166,Rudy Gay\gayru01,PF,31,SAS,37,829,17.3,.551,.226,.295,6.3,18.8,12.6,11.3,1.8,2.6,12.9,23.6,"",0.7,1.4,2.1,.122,"",-0.7,1.2,0.5,0.5
167,Paul George\georgpa01,SF,27,OKC,60,2193,19.7,.582,.454,.295,2.8,14.6,8.5,14.5,2.9,1.2,12.3,25.8,"",4.3,3.1,7.4,.163,"",3.1,0.0,3.1,2.8
168,Marcus Georges-Hunt\georgma01,SG,23,MIN,36,199,4.6,.459,.333,.381,4.0,3.5,3.8,4.6,1.0,0.0,5.8,11.6,"",0.0,0.0,0.1,.012,"",-2.5,-2.9,-5.4,-0.2
169,Taj Gibson\gibsota01,PF,32,MIN,64,2145,16.1,.615,.053,.248,8.4,16.7,12.5,5.6,1.2,2.0,9.5,14.8,"",4.6,1.4,6.1,.136,"",1.3,0.3,1.6,1.9
170,Manu Ginobili\ginobma01,SG,40,SAS,47,964,12.9,.557,.420,.244,1.7,9.5,5.6,18.8,1.6,1.2,17.0,22.2,"",0.4,1.2,1.6,.078,"",-0.5,-0.8,-1.3,0.2
171,Rudy Gobert\goberru01,C,25,UTA,35,1096,19.8,.636,.000,.667,9.6,26.9,18.2,7.0,1.1,6.4,15.3,17.0,"",2.2,2.0,4.3,.187,"",-1.0,4.3,3.3,1.5
172,Aaron Gordon\gordoaa01,PF,22,ORL,43,1445,17.0,.542,.394,.272,5.4,21.8,13.6,11.0,1.3,1.8,9.9,24.1,"",1.2,1.2,2.4,.080,"",0.5,-0.5,0.0,0.7
173,Eric Gordon\gordoer01,SG,29,HOU,52,1653,14.8,.564,.621,.265,1.3,6.9,4.1,11.9,1.0,1.0,10.5,25.4,"",2.0,1.2,3.2,.094,"",1.1,-2.8,-1.8,0.1
174,Marcin Gortat\gortama01,C,33,WAS,62,1612,14.8,.548,.000,.285,9.7,24.2,17.0,10.4,1.1,2.4,13.2,15.3,"",1.9,2.0,4.0,.118,"",-1.5,2.0,0.5,1.0
175,Treveon Graham\grahatr01,SG,24,CHO,49,861,9.3,.561,.431,.261,4.1,9.2,6.6,7.7,1.6,0.1,10.7,11.8,"",0.8,0.7,1.5,.085,"",-0.7,-0.1,-0.8,0.3
176,Jerami Grant\grantje01,PF,23,OKC,62,1278,14.5,.577,.232,.481,6.1,16.2,11.0,5.3,0.9,3.9,9.8,15.8,"",2.0,1.5,3.5,.131,"",-1.6,0.3,-1.3,0.2
177,Jerian Grant\grantje02,PG,25,CHI,58,1349,14.7,.540,.366,.374,2.2,10.2,6.0,31.3,1.6,0.4,14.0,16.9,"",2.1,0.8,3.0,.105,"",0.1,-1.7,-1.6,0.1
178,Josh Gray\grayjo01,PG,24,PHO,5,86,7.3,.349,.317,.268,2.4,10.2,6.2,20.9,4.5,1.9,13.2,26.0,"",-0.3,0.1,-0.2,-0.114,"",-5.7,0.4,-5.3,-0.1
179,Danny Green\greenda02,SG,30,SAS,50,1310,12.5,.532,.568,.101,2.3,13.2,7.7,9.4,2.0,3.5,11.5,16.4,"",0.4,2.2,2.6,.095,"",-0.5,2.3,1.8,1.3
180,Draymond Green\greendr01,PF,27,GSW,54,1775,16.6,.556,.392,.302,4.7,20.5,13.3,28.7,1.9,3.5,21.4,17.3,"",2.6,2.7,5.3,.144,"",0.9,3.0,3.9,2.6
181,Gerald Green\greenge01,SG,32,HOU,24,534,13.3,.565,.724,.171,1.9,11.5,6.7,2.9,1.3,1.4,5.8,21.4,"",0.6,0.5,1.2,.104,"",0.3,-2.8,-2.5,-0.1
182,JaMychal Green\greenja01,PF,27,MEM,40,1081,14.4,.540,.277,.229,11.6,22.2,16.9,7.4,1.1,1.2,12.5,18.4,"",1.0,1.0,2.0,.090,"",-0.8,-0.6,-1.4,0.2
183,Jeff Green\greenje02,PF,31,CLE,59,1306,15.7,.594,.239,.400,4.4,12.2,8.4,8.8,1.1,1.3,9.6,19.8,"",2.6,0.6,3.1,.115,"",-0.1,-1.8,-1.8,0.1
184,Blake Griffin\griffbl01,PF,28,TOT,45,1535,19.0,.539,.326,.356,4.4,20.2,12.3,26.4,1.1,0.7,13.3,29.3,"",2.0,1.5,3.4,.108,"",2.2,-0.1,2.2,1.7
185,Daniel Hamilton\hamilda02,SG,22,OKC,4,25,20.6,.545,.455,.000,0.0,23.2,11.2,45.2,2.0,0.0,15.4,22.4,"",0.1,0.0,0.1,.173,"",1.5,-1.6,-0.1,0.0
186,Tim Hardaway\hardati02,SG,25,NYK,40,1302,14.4,.524,.480,.215,2.2,11.3,6.8,13.8,1.8,0.6,9.3,23.8,"",1.0,1.0,1.9,.070,"",1.7,-1.4,0.3,0.8
187,James Harden\hardeja01,SG,28,HOU,54,1928,30.5,.625,.515,.491,1.6,14.8,8.2,45.0,2.5,1.6,14.6,36.0,"",9.4,2.7,12.1,.302,"",10.1,0.9,11.0,6.4
188,Maurice Harkless\harklma01,SF,24,POR,50,1048,10.8,.563,.384,.173,3.8,10.3,7.1,5.5,1.9,2.7,13.3,12.4,"",0.7,1.3,2.0,.091,"",-1.3,2.0,0.7,0.7
189,Montrezl Harrell\harremo01,C,24,LAC,54,860,23.6,.636,.009,.397,9.6,17.5,13.6,8.7,1.4,4.0,9.5,22.7,"",2.6,1.0,3.6,.200,"",1.4,0.5,1.9,0.9
190,Devin Harris\harride01,PG,34,TOT,50,909,13.0,.552,.464,.382,1.2,10.6,5.7,16.7,2.0,0.8,12.5,21.1,"",0.8,0.8,1.6,.084,"",-0.5,-1.2,-1.7,0.1
191,Gary Harris\harriga01,SG,23,DEN,57,1989,16.6,.596,.436,.185,1.9,6.8,4.3,13.5,2.7,0.6,11.3,20.5,"",3.4,1.5,4.9,.118,"",2.5,-1.2,1.3,1.7
192,Joe Harris\harrijo01,SG,26,BRK,60,1515,12.8,.612,.580,.150,2.8,11.6,7.1,9.4,1.0,0.7,10.9,16.4,"",2.1,0.9,2.9,.093,"",0.9,-0.9,0.0,0.8
193,Tobias Harris\harrito02,PF,25,TOT,58,1911,17.0,.566,.379,.192,2.5,15.9,9.1,10.6,1.3,1.0,7.0,23.1,"",3.1,1.8,4.9,.124,"",1.4,-0.8,0.6,1.2
194,Andrew Harrison\harrian01,PG,23,MEM,52,1209,12.6,.539,.330,.380,2.0,10.0,6.0,20.7,1.5,1.8,14.6,19.5,"",0.9,0.9,1.8,.070,"",-1.0,-1.0,-2.0,0.0
195,Shaquille Harrison\harrish01,PG,"",PHO,4,42,23.3,.580,.333,.667,2.5,23.5,12.8,22.2,9.1,5.7,11.4,8.8,"",0.1,0.1,0.2,.257,"",0.9,10.1,11.0,0.1
196,Josh Hart\hartjo01,SG,22,LAL,55,1182,11.2,.583,.532,.225,3.0,15.5,9.2,7.5,1.6,0.8,10.1,12.3,"",1.3,1.2,2.5,.102,"",-0.7,0.3,-0.4,0.5
197,Udonis Haslem\hasleud01,C,37,MIA,9,49,2.9,.357,.571,.000,4.6,9.2,6.9,8.2,0.0,1.7,22.2,8.3,"",0.0,0.0,0.0,-0.014,"",-5.9,-0.2,-6.1,-0.1
198,Nigel Hayes\hayesni01,SF,23,LAL,2,11,9.8,.436,.667,.333,0.0,0.0,0.0,24.0,0.0,0.0,0.0,13.1,"",0.0,0.0,0.0,.070,"",-3.5,-9.2,-12.8,0.0
199,Gordon Hayward\haywago01,SF,27,BOS,1,5,7.4,.500,.500,.000,0.0,21.4,10.9,0.0,0.0,0.0,0.0,17.9,"",0.0,0.0,0.0,.058,"",-5.9,-6.0,-11.9,0.0
200,Reggie Hearn\hearnre01,SG,26,DET,1,3,44.5,1.500,1.000,.000,0.0,0.0,0.0,0.0,0.0,0.0,0.0,14.7,"",0.0,0.0,0.0,.233,"",20.7,-6.7,14.0,0.0
201,Myke Henry\henrymy01,SF,25,MEM,11,203,9.1,.500,.610,.153,2.8,8.1,5.4,6.9,2.8,2.3,14.9,16.5,"",-0.1,0.2,0.1,.013,"",-2.5,0.2,-2.4,0.0
202,John Henson\hensojo01,C,27,MIL,56,1430,16.0,.595,.011,.342,9.4,22.5,15.9,8.2,1.0,4.7,13.8,15.5,"",2.1,1.7,3.8,.127,"",-1.4,1.8,0.4,0.9
203,Juan Hernangomez\hernaju01,PF,22,DEN,21,233,10.2,.509,.650,.183,7.7,16.2,11.9,5.2,1.3,1.1,9.7,13.4,"",0.2,0.2,0.3,.071,"",-1.2,-1.7,-2.9,-0.1
204,Willy Hernangomez\hernawi01,C,23,TOT,31,253,14.6,.549,.057,.368,11.1,22.4,16.8,13.4,1.6,2.8,21.7,22.3,"",-0.1,0.3,0.2,.037,"",-2.9,0.6,-2.3,0.0
205,Mario Hezonja\hezonma01,SF,22,ORL,54,1071,14.5,.565,.415,.162,3.2,16.0,9.6,8.6,2.4,1.2,11.1,19.8,"",0.7,0.9,1.7,.074,"",-0.4,-0.5,-0.9,0.3
206,Isaiah Hicks\hicksis01,PF,23,NYK,3,37,6.3,.506,.100,.200,6.1,9.0,7.6,3.9,1.3,0.0,15.5,15.2,"",0.0,0.0,0.0,.003,"",-4.0,-2.0,-6.0,0.0
207,Buddy Hield\hieldbu01,SG,24,SAC,59,1417,15.3,.550,.446,.087,2.8,15.2,8.7,11.0,1.9,1.1,10.8,24.1,"",0.7,0.7,1.5,.049,"",0.6,-2.0,-1.4,0.2
208,Nene Hilario\hilarne01,C,35,HOU,42,626,16.6,.620,.010,.449,6.9,18.6,12.8,10.0,1.7,1.2,13.0,18.9,"",1.3,0.8,2.1,.163,"",-1.3,0.3,-1.0,0.2
209,George Hill\hillge01,PG,31,TOT,49,1315,13.7,.582,.389,.316,2.4,9.2,5.7,15.1,1.7,1.1,13.7,17.4,"",1.6,0.4,2.1,.076,"",0.3,-1.4,-1.0,0.3
210,Darrun Hilliard\hillida01,SG,24,SAS,14,95,3.4,.362,.316,.368,0.0,8.2,4.1,15.3,1.1,0.0,15.3,12.3,"",-0.1,0.1,0.0,-0.014,"",-6.2,-1.3,-7.6,-0.1
211,Jrue Holiday\holidjr01,SG,27,NOP,61,2243,17.3,.573,.305,.201,2.0,11.0,6.6,22.9,1.9,1.5,13.1,22.7,"",3.2,1.9,5.1,.109,"",1.6,-0.2,1.4,1.9
212,Justin Holiday\holidju01,SG,28,CHI,57,1944,11.1,.520,.569,.225,1.6,12.9,7.0,9.8,1.5,1.3,9.4,17.7,"",0.5,1.4,1.9,.047,"",-0.7,-0.1,-0.8,0.6
213,John Holland\hollajo02,SF,29,CLE,9,39,5.8,.409,.818,.000,0.0,8.5,4.3,0.0,5.0,0.0,8.3,13.7,"",-0.1,0.0,0.0,-0.027,"",-4.3,-1.2,-5.5,0.0
214,Rondae Hollis-Jefferson\holliro01,SF,23,BRK,48,1343,16.9,.549,.086,.427,5.3,19.2,12.2,13.6,1.5,1.8,11.8,22.6,"",1.5,1.4,2.9,.105,"",-1.4,1.0,-0.4,0.5
215,Richaun Holmes\holmeri01,C,24,PHI,31,480,16.1,.568,.156,.234,8.9,23.6,16.5,11.6,1.2,3.0,10.5,16.9,"",0.8,0.8,1.6,.158,"",-1.0,1.5,0.5,0.3
216,Rodney Hood\hoodro01,SG,25,TOT,45,1237,15.1,.553,.474,.168,1.4,10.3,5.9,10.0,1.4,0.6,9.2,26.3,"",0.8,1.1,1.9,.074,"",0.6,-2.4,-1.8,0.1
217,Al Horford\horfoal01,C,31,BOS,58,1844,17.7,.583,.321,.145,4.8,20.8,13.0,24.5,0.9,3.0,15.1,18.2,"",3.3,3.2,6.5,.169,"",1.2,3.2,4.4,3.0
218,Danuel House\houseda01,SG,24,PHO,16,193,11.0,.491,.463,.284,4.9,15.9,10.3,6.2,1.2,0.4,6.2,17.6,"",0.1,0.1,0.2,.045,"",-2.0,-2.7,-4.7,-0.1
219,Dwight Howard\howardw01,C,32,CHO,62,1899,19.5,.568,.006,.633,11.4,33.3,22.1,7.4,1.0,4.6,16.4,23.7,"",1.6,3.2,4.7,.119,"",-2.5,2.2,-0.3,0.8
220,Josh Huestis\huestjo01,PF,26,OKC,57,847,5.4,.421,.627,.111,4.7,13.7,9.0,2.5,0.8,4.1,13.0,9.4,"",-0.5,0.9,0.4,.025,"",-4.7,0.8,-3.9,-0.4
221,R.J. Hunter\hunterj01,SG,24,HOU,2,2,38.9,"","","",0.0,56.6,28.4,100.0,0.0,0.0,"",0.0,"",0.0,0.0,0.0,.585,"",-2.3,-3.4,-5.7,0.0
222,Vince Hunter\huntevi01,PF,23,MEM,4,7,36.2,.600,.000,.000,32.9,16.7,24.9,0.0,0.0,13.2,16.7,38.8,"",0.0,0.0,0.0,.107,"",-3.1,-5.8,-8.9,0.0
223,Serge Ibaka\ibakase01,PF,28,TOR,55,1523,15.1,.584,.371,.150,3.7,20.8,12.4,4.1,0.6,4.0,9.3,19.3,"",1.8,2.3,4.0,.127,"",-0.7,0.6,-0.1,0.7
224,Andre Iguodala\iguodan01,SF,34,GSW,53,1350,10.9,.529,.351,.311,4.2,12.0,8.4,15.5,1.5,1.9,15.4,10.9,"",1.4,1.4,2.8,.099,"",-0.5,1.0,0.5,0.9
225,Ersan Ilyasova\ilyaser01,PF,30,ATL,46,1175,15.2,.569,.424,.224,7.1,17.2,12.1,6.8,1.8,1.3,8.9,18.1,"",1.7,1.0,2.7,.109,"",0.5,-0.4,0.1,0.6
226,Joe Ingles\inglejo01,SF,30,UTA,61,1884,13.5,.621,.665,.088,1.1,13.9,7.5,20.3,1.7,0.6,17.6,15.5,"",2.4,2.2,4.6,.117,"",1.6,0.6,2.3,2.0
227,Brandon Ingram\ingrabr01,SF,20,LAL,56,1890,13.8,.533,.133,.371,3.1,13.7,8.4,17.1,1.1,1.8,14.2,22.0,"",1.0,1.8,2.7,.069,"",-1.7,0.3,-1.3,0.3
228,Kyrie Irving\irvinky01,PG,25,BOS,57,1851,25.3,.611,.372,.242,1.9,10.5,6.3,30.5,1.6,0.7,10.1,31.2,"",6.3,2.6,8.9,.231,"",7.2,-0.7,6.5,4.0
229,Jonathan Isaac\isaacjo01,PF,20,ORL,15,285,9.5,.482,.243,.243,4.7,17.2,10.9,5.4,1.7,4.1,15.5,14.9,"",-0.2,0.3,0.1,.016,"",-4.7,1.5,-3.2,-0.1
230,Wesley Iwundu\iwundwe01,SF,23,ORL,43,627,8.9,.508,.195,.218,3.9,12.3,8.1,8.3,1.5,0.9,10.4,11.4,"",0.3,0.3,0.6,.044,"",-2.9,-0.1,-3.0,-0.2
231,Jarrett Jack\jackja01,PG,34,NYK,57,1476,11.3,.487,.195,.169,1.5,12.0,6.8,31.6,1.2,0.2,19.9,16.5,"",0.4,0.8,1.2,.040,"",-1.8,-1.3,-3.1,-0.4
232,Demetrius Jackson\jacksde01,PG,23,HOU,12,63,-0.6,.286,.429,.000,7.2,12.6,9.9,10.6,3.1,1.4,41.7,16.7,"",-0.3,0.1,-0.2,-0.163,"",-10.0,2.3,-7.8,-0.1
233,Josh Jackson\jacksjo02,SF,20,PHO,61,1453,11.0,.476,.255,.298,5.4,14.2,9.7,8.8,1.7,1.5,12.0,24.8,"",-1.4,0.8,-0.5,-0.018,"",-3.3,-1.5,-4.8,-1.0
234,Justin Jackson\jacksju01,SF,22,SAC,47,938,9.0,.500,.421,.094,2.5,12.2,7.1,6.8,1.2,0.8,8.6,14.5,"",0.0,0.2,0.3,.014,"",-2.4,-1.7,-4.1,-0.5
235,Reggie Jackson\jacksre01,PG,27,DET,33,894,16.3,.540,.305,.232,2.7,9.1,5.8,33.2,1.2,0.3,15.5,26.1,"",1.0,0.6,1.6,.088,"",1.3,-2.1,-0.8,0.3
236,LeBron James\jamesle01,PF,33,CLE,60,2225,27.8,.621,.253,.318,3.6,21.4,12.6,43.8,2.0,2.2,16.8,30.9,"",7.4,2.3,9.7,.209,"",7.0,2.1,9.0,6.2
237,Mike James\jamesmi02,PG,27,TOT,36,687,14.0,.469,.305,.262,2.0,12.3,7.0,29.5,2.0,0.8,12.0,25.1,"",-0.1,0.4,0.3,.020,"",-0.7,-1.8,-2.6,-0.1
238,Al Jefferson\jeffeal01,C,33,IND,29,388,19.1,.573,.006,.143,6.2,25.2,15.9,10.3,1.5,3.6,9.5,21.7,"",0.6,0.6,1.2,.144,"",-1.8,0.7,-1.2,0.1
239,Richard Jefferson\jefferi01,SF,37,DEN,16,138,5.3,.480,.292,.292,1.6,10.7,6.2,8.5,0.7,0.6,15.6,10.1,"",0.0,0.0,0.0,.009,"",-4.5,-1.6,-6.1,-0.1
240,Jonas Jerebko\jerebjo01,PF,30,UTA,53,855,12.6,.578,.422,.184,5.2,18.5,11.8,6.1,1.2,0.8,7.4,15.1,"",1.3,1.0,2.3,.128,"",-0.6,-0.3,-0.9,0.2
241,Amir Johnson\johnsam01,C,30,PHI,55,848,14.7,.571,.097,.395,12.6,18.4,15.6,12.6,2.0,3.3,16.9,13.2,"",1.3,1.4,2.7,.155,"",-0.5,3.0,2.6,1.0
242,Brice Johnson\johnsbr02,PF,23,TOT,11,45,22.5,.630,.067,.133,7.5,34.2,21.0,3.5,7.6,3.8,20.1,19.3,"",0.0,0.2,0.2,.181,"",-3.2,4.8,1.7,0.0
243,Dakari Johnson\johnsda04,C,22,OKC,26,150,16.6,.566,.000,.474,10.8,13.1,11.9,7.8,2.0,4.3,6.1,14.1,"",0.3,0.2,0.6,.178,"",-1.0,1.3,0.4,0.1
244,James Johnson\johnsja01,PF,30,MIA,53,1403,14.2,.553,.325,.244,3.6,16.9,10.3,22.4,1.7,1.9,18.2,19.3,"",0.9,1.9,2.8,.096,"",-0.7,1.6,0.8,1.0
245,Joe Johnson\johnsjo02,SF,36,TOT,37,836,8.7,.498,.393,.117,1.6,14.9,8.3,9.3,0.9,0.6,11.8,16.5,"",-0.2,0.8,0.5,.031,"",-3.2,-0.5,-3.7,-0.4
246,Stanley Johnson\johnsst04,SF,21,DET,50,1401,9.1,.493,.435,.281,1.9,13.3,7.4,8.2,2.1,0.6,10.4,15.7,"",0.0,1.6,1.6,.053,"",-2.2,0.7,-1.4,0.2
247,Tyler Johnson\johnsty01,PG,25,MIA,53,1545,12.9,.547,.466,.211,1.9,11.6,6.8,12.3,1.6,1.4,10.2,18.7,"",1.3,1.8,3.1,.096,"",-0.2,0.1,-0.1,0.8
248,Wesley Johnson\johnswe01,SF,30,LAC,55,1228,9.6,.507,.487,.166,1.9,14.3,8.2,5.5,2.5,3.8,12.7,13.3,"",-0.3,1.6,1.4,.054,"",-2.3,2.7,0.4,0.7
249,Nikola Jokic\jokicni01,C,22,DEN,54,1699,23.9,.593,.278,.326,9.9,28.3,19.0,29.8,1.8,2.0,16.1,23.9,"",5.1,2.1,7.2,.203,"",4.5,2.4,6.9,3.8
250,Damian Jones\jonesda03,C,22,GSW,3,8,-4.4,"","","",15.3,0.0,7.0,0.0,0.0,9.8,100.0,5.5,"",0.0,0.0,0.0,-0.046,"",-7.0,4.0,-3.1,0.0
251,Derrick Jones\jonesde02,SF,20,TOT,16,226,9.1,.464,.341,.455,8.5,7.0,7.7,4.9,0.9,4.8,10.2,11.6,"",0.1,0.2,0.3,.064,"",-3.1,1.4,-1.7,0.0
252,Jalen Jones\jonesja04,SF,24,TOT,9,52,8.1,.526,.308,.385,2.1,28.5,15.0,2.9,1.0,0.0,11.6,14.9,"",0.0,0.1,0.0,.042,"",-6.3,-2.6,-9.0,-0.1
253,Tyus Jones\jonesty01,PG,21,MIN,64,1149,13.8,.569,.382,.219,1.4,9.9,5.6,20.0,3.3,0.2,13.5,12.3,"",1.8,1.0,2.8,.116,"",0.8,-0.2,0.6,0.8
254,DeAndre Jordan\jordade01,C,29,LAC,55,1753,19.5,.658,.000,.494,14.5,36.4,25.6,6.3,0.9,2.7,16.9,14.4,"",4.1,2.7,6.8,.187,"",0.2,1.9,2.1,1.8
255,Cory Joseph\josepco01,PG,26,IND,61,1612,10.9,.508,.316,.167,1.9,11.0,6.5,16.1,1.7,0.8,12.0,14.5,"",1.0,1.3,2.2,.067,"",-1.2,-0.2,-1.5,0.2
256,Frank Kaminsky\kaminfr01,PF,24,CHO,59,1368,14.0,.527,.396,.247,2.9,14.9,8.8,10.9,1.0,1.1,7.0,20.5,"",1.4,1.2,2.5,.089,"",-0.1,-0.9,-1.0,0.3
257,Enes Kanter\kanteen01,C,25,NYK,58,1497,23.8,.638,.003,.244,15.8,30.4,23.1,9.8,0.9,1.8,14.1,21.9,"",4.4,1.8,6.2,.198,"",2.5,0.3,2.8,1.8
258,Luke Kennard\kennalu01,SG,21,DET,54,973,11.0,.542,.420,.133,1.7,11.1,6.2,11.5,1.6,0.7,12.7,16.5,"",0.4,0.9,1.3,.065,"",-1.7,-0.5,-2.2,-0.1
259,Michael Kidd-Gilchrist\kiddgmi01,SF,24,CHO,54,1387,13.4,.542,.005,.289,4.7,13.6,9.0,6.5,1.4,1.6,6.4,16.1,"",1.6,1.4,3.0,.103,"",-1.7,0.7,-1.0,0.4
260,Sean Kilpatrick\kilpase01,SG,28,TOT,39,388,8.5,.466,.524,.226,0.6,16.6,8.6,11.9,0.9,0.4,11.9,24.0,"",-0.5,0.3,-0.2,-0.028,"",-4.2,-3.4,-7.6,-0.5
261,Maxi Kleber\klebima01,PF,26,DAL,54,925,12.4,.544,.368,.153,6.8,13.5,10.1,6.4,1.1,3.4,7.2,13.7,"",1.0,0.9,1.9,.098,"",-1.4,1.1,-0.2,0.4
262,Furkan Korkmaz\korkmfu01,SG,20,PHI,6,32,4.3,.349,.667,.167,7.0,13.2,10.2,8.6,1.5,0.0,7.2,18.6,"",0.0,0.0,0.0,-0.020,"",-4.4,-2.5,-6.9,0.0
263,Luke Kornet\kornelu01,PF,22,NYK,4,48,9.6,.289,.789,.000,7.1,23.2,15.2,8.4,2.1,7.3,0.0,17.3,"",-0.1,0.1,0.0,-0.008,"",-3.6,2.8,-0.8,0.0
264,Kyle Korver\korveky01,SG,36,CLE,60,1280,13.4,.645,.783,.145,0.8,9.9,5.4,8.3,0.9,1.3,9.1,16.5,"",2.3,0.4,2.7,.101,"",2.3,-2.4,-0.2,0.6
265,Kosta Koufos\koufoko01,C,28,SAC,56,1053,16.8,.558,.000,.229,11.5,26.7,18.8,9.1,1.8,2.0,10.7,14.7,"",1.6,1.0,2.6,.118,"",-1.1,1.0,-0.1,0.5
266,Kyle Kuzma\kuzmaky01,PF,22,LAL,59,1730,14.2,.541,.410,.193,4.3,16.8,10.6,9.3,0.9,1.2,10.7,22.9,"",1.1,1.6,2.7,.075,"",-0.4,-1.3,-1.7,0.1
267,Mindaugas Kuzminskas\kuzmimi01,SF,28,NYK,1,2,-41.3,.000,.000,.000,0.0,0.0,0.0,0.0,0.0,0.0,0.0,43.7,"",0.0,0.0,0.0,-1.054,"",-36.6,-12.5,-49.1,0.0
268,Skal Labissiere\labissk01,PF,21,SAC,46,863,14.9,.521,.088,.282,8.6,18.4,13.3,7.3,1.2,3.5,10.7,20.9,"",0.6,0.5,1.1,.062,"",-2.5,-0.6,-3.1,-0.2
269,Jeremy Lamb\lambje01,SG,25,CHO,61,1514,17.4,.552,.301,.257,2.8,16.2,9.3,15.6,1.6,1.4,8.7,23.1,"",2.3,1.6,4.0,.125,"",1.1,0.0,1.1,1.2
270,Shane Larkin\larkish01,PG,25,BOS,40,451,8.3,.487,.391,.172,1.5,9.7,5.7,14.6,1.6,0.4,13.2,15.7,"",0.0,0.6,0.6,.059,"",-3.5,-0.2,-3.7,-0.2
271,Joffrey Lauvergne\lauvejo01,C,26,SAS,41,430,17.2,.552,.032,.266,13.4,22.1,17.8,13.2,0.8,0.6,14.8,21.1,"",0.6,0.6,1.1,.128,"",-1.0,-0.2,-1.1,0.1
272,Zach LaVine\lavinza01,SG,22,CHI,17,454,16.9,.514,.331,.285,1.6,16.8,9.0,19.7,1.7,0.4,8.7,30.9,"",0.1,0.4,0.5,.054,"",0.4,-1.9,-1.5,0.1
273,Jake Layman\laymaja01,SF,23,POR,27,146,4.5,.338,.442,.070,3.1,7.4,5.3,9.4,2.0,1.7,8.3,14.6,"",-0.2,0.2,-0.1,-0.026,"",-5.2,0.1,-5.1,-0.1
274,T.J. Leaf\leaftj01,PF,20,IND,43,400,10.4,.553,.313,.104,7.2,11.7,9.5,2.8,0.6,0.7,7.0,14.4,"",0.5,0.2,0.7,.081,"",-1.6,-3.0,-4.6,-0.3
275,Courtney Lee\leeco01,SG,32,NYK,62,1965,13.3,.557,.366,.172,1.6,9.7,5.6,12.3,1.8,0.5,9.6,17.4,"",2.3,1.3,3.7,.089,"",1.0,-0.5,0.5,1.2
276,"Walt Lemon, Jr.\lemonwa01",PG,"",NOP,3,14,-3.8,.333,.000,.000,0.0,0.0,0.0,9.9,0.0,0.0,14.3,21.7,"",-0.1,0.0,-0.1,-0.215,"",-12.7,-7.4,-20.1,-0.1
277,Alex Len\lenal01,C,24,PHO,53,1100,19.1,.617,.000,.628,12.6,28.3,20.3,9.3,1.0,3.4,14.7,16.3,"",2.5,1.1,3.5,.155,"",-0.4,1.4,1.0,0.8
278,Kawhi Leonard\leonaka01,SF,26,SAS,9,210,26.1,.572,.315,.342,3.2,19.0,11.1,17.8,4.3,3.6,11.1,30.7,"",0.4,0.5,0.9,.198,"",2.7,3.1,5.8,0.4
279,Meyers Leonard\leoname01,C,25,POR,23,177,19.0,.704,.304,.179,5.7,23.2,14.6,9.1,1.1,0.0,10.4,16.8,"",0.6,0.2,0.8,.214,"",1.7,-1.0,0.7,0.1
280,Jon Leuer\leuerjo01,PF,28,DET,8,136,9.0,.505,.083,.417,5.6,21.1,13.1,5.3,0.4,2.0,14.1,16.1,"",0.0,0.1,0.1,.049,"",-5.5,-0.3,-5.8,-0.1
281,Caris LeVert\leverca01,SF,23,BRK,52,1346,13.5,.521,.337,.271,3.0,12.3,7.6,25.0,2.1,1.0,17.2,22.5,"",0.0,1.3,1.3,.046,"",-0.9,0.2,-0.7,0.4
282,DeAndre Liggins\liggide01,SG,29,TOT,43,594,6.9,.505,.542,.060,1.4,10.3,5.9,8.2,3.0,1.7,15.8,7.7,"",0.0,0.7,0.6,.051,"",-2.7,1.6,-1.1,0.1
283,Damian Lillard\lillada01,PG,27,POR,54,1972,24.6,.598,.432,.354,2.1,11.4,6.8,31.1,1.4,0.9,12.4,30.3,"",6.7,2.0,8.7,.211,"",7.0,-0.9,6.1,4.0
284,Jeremy Lin\linje01,PG,29,BRK,1,25,16.1,.597,.167,.583,0.0,0.0,0.0,27.4,0.0,0.0,16.6,31.2,"",0.1,0.0,0.0,.093,"",-3.0,-10.1,-13.1,-0.1
285,Shaun Livingston\livinsh01,PG,32,GSW,54,830,10.9,.531,.012,.178,3.5,8.6,6.3,16.2,1.4,1.6,14.1,16.0,"",0.6,0.7,1.3,.077,"",-2.6,-0.8,-3.4,-0.3
286,Kevon Looney\looneke01,C,21,GSW,48,521,13.3,.584,.000,.490,12.5,15.6,14.2,6.1,1.3,4.3,15.3,12.0,"",0.8,0.7,1.4,.132,"",-1.1,1.4,0.3,0.3
287,Brook Lopez\lopezbr01,C,29,LAL,52,1114,14.9,.531,.436,.188,5.0,13.8,9.4,11.1,0.9,5.1,11.7,24.4,"",0.4,1.3,1.7,.073,"",-0.8,0.3,-0.5,0.4
288,Robin Lopez\lopezro01,C,29,CHI,57,1577,14.6,.549,.013,.146,8.2,10.2,9.1,12.3,0.4,2.7,13.5,20.5,"",1.1,0.8,1.9,.058,"",-1.7,-0.1,-1.8,0.1
289,Kevin Love\loveke01,C,29,CLE,48,1342,22.8,.613,.433,.369,7.8,29.3,18.7,9.3,1.2,1.3,9.3,25.5,"",4.0,1.3,5.3,.188,"",2.7,-1.7,1.0,1.0
290,Kyle Lowry\lowryky01,PG,31,TOR,57,1830,19.5,.591,.615,.294,3.2,16.3,9.9,29.2,1.8,0.4,14.4,22.3,"",4.9,2.5,7.3,.192,"",5.2,0.5,5.7,3.6
291,Timothe Luwawu-Cabarrot\luwawti01,SF,22,PHI,48,790,7.0,.506,.592,.219,2.0,7.8,5.0,9.5,0.7,0.5,11.6,17.8,"",0.0,0.6,0.6,.038,"",-2.3,-2.6,-4.9,-0.6
292,Tyler Lydon\lydonty01,PF,21,DEN,1,2,0.0,"","","",0.0,0.0,0.0,0.0,0.0,0.0,"",0.0,"",0.0,0.0,0.0,-0.011,"",-5.7,-0.7,-6.4,0.0
293,Trey Lyles\lylestr01,PF,22,DEN,56,1152,18.4,.598,.400,.273,4.5,23.6,14.0,9.5,1.2,2.1,8.8,21.0,"",2.4,1.1,3.5,.145,"",0.9,-1.1,-0.2,0.5
294,Shelvin Mack\macksh01,PG,27,ORL,48,878,13.7,.531,.286,.286,2.1,12.2,7.1,29.9,1.8,0.5,17.7,15.8,"",1.0,0.5,1.4,.078,"",-1.1,-1.3,-2.5,-0.1
295,Josh Magette\magetjo01,PG,28,ATL,10,74,17.9,.595,.467,.400,1.5,9.3,5.4,41.8,2.0,0.0,10.2,11.6,"",0.3,0.0,0.3,.208,"",1.0,-4.1,-3.0,0.0
296,Ian Mahinmi\mahinia01,C,31,WAS,60,894,12.0,.628,.006,.599,12.4,16.4,14.4,6.4,1.6,3.3,25.4,14.3,"",0.9,1.1,2.0,.107,"",-1.9,1.9,0.0,0.4
297,Thon Maker\makerth01,C,20,MIL,61,1090,10.8,.510,.332,.299,7.3,14.8,11.1,5.3,1.4,3.9,10.8,14.4,"",0.5,1.1,1.6,.071,"",-2.4,0.4,-2.0,0.0
298,Boban Marjanovic\marjabo01,C,29,TOT,23,191,23.2,.614,.000,.621,11.4,26.9,18.9,13.8,1.6,3.2,19.0,31.5,"",0.3,0.3,0.6,.161,"",-1.6,0.6,-1.0,0.1
299,Lauri Markkanen\markkla01,PF,20,CHI,55,1670,14.7,.539,.474,.175,3.9,23.7,13.5,6.4,0.9,1.8,8.4,21.6,"",0.9,1.5,2.3,.067,"",-1.1,-1.0,-2.1,0.0
300,Jarell Martin\martija01,PF,23,MEM,57,1193,10.3,.521,.193,.223,6.9,14.6,10.7,6.3,1.4,3.1,14.5,16.2,"",0.1,1.1,1.2,.048,"",-3.2,0.6,-2.6,-0.2
301,Frank Mason\masonfr01,PG,23,SAC,33,601,12.3,.488,.200,.318,2.6,10.8,6.5,23.8,1.4,0.8,14.9,22.0,"",0.0,0.2,0.1,.010,"",-2.4,-2.4,-4.8,-0.4
302,Mangok Mathiang\mathima01,C,25,CHO,3,10,-1.5,.000,.000,.000,10.6,56.0,32.7,0.0,0.0,0.0,0.0,8.7,"",0.0,0.0,0.0,-0.086,"",-15.8,-5.3,-21.2,0.0
303,Wesley Matthews\matthwe02,SF,31,DAL,61,2075,11.7,.546,.577,.145,1.4,9.3,5.3,12.3,1.8,0.7,10.3,17.8,"",1.1,1.6,2.7,.061,"",0.4,-0.1,0.3,1.2
304,Luc Mbah a Moute\mbahalu01,PF,31,HOU,44,1181,9.6,.588,.514,.251,1.5,12.0,6.8,4.9,2.1,1.4,15.3,12.4,"",0.5,1.4,1.9,.077,"",-1.6,1.3,-0.3,0.5
305,James Michael McAdoo\mcadoja01,PF,25,PHI,3,18,7.6,.508,1.000,.286,0.0,11.7,6.1,0.0,0.0,4.7,11.3,21.1,"",0.0,0.0,0.0,.021,"",-4.3,-4.6,-8.9,0.0
306,Patrick McCaw\mccawpa01,SG,22,GSW,51,798,8.3,.508,.368,.144,2.3,7.3,5.0,10.9,2.2,0.8,14.7,11.9,"",0.1,0.7,0.9,.054,"",-2.0,-0.3,-2.3,-0.1
307,C.J. McCollum\mccolcj01,SG,26,POR,60,2160,17.1,.544,.316,.164,1.9,9.6,5.8,14.9,1.3,0.8,8.8,26.7,"",2.9,2.0,4.8,.108,"",1.5,-1.3,0.1,1.2
308,T.J. McConnell\mccontj01,PG,25,PHI,53,1298,13.2,.559,.153,.098,2.6,11.8,7.4,26.2,2.8,0.6,21.7,14.3,"",1.1,1.8,2.9,.107,"",-1.4,1.1,-0.3,0.6
309,Erik McCree\mccreer01,SF,24,UTA,2,3,-14.0,.000,.000,.000,0.0,0.0,0.0,0.0,0.0,0.0,0.0,15.1,"",0.0,0.0,0.0,-0.363,"",-17.1,-3.6,-20.7,0.0
310,Chris McCullough\mcculch01,PF,22,WAS,19,90,15.9,.478,.190,.333,8.8,22.4,15.6,7.0,0.0,4.9,4.0,24.5,"",0.1,0.1,0.2,.085,"",-3.8,-1.8,-5.5,-0.1
311,Doug McDermott\mcderdo01,SF,26,TOT,62,1324,10.5,.574,.435,.161,3.1,9.4,6.3,6.8,0.5,0.9,8.7,14.5,"",1.5,0.5,2.0,.072,"",-0.2,-1.7,-1.8,0.1
312,JaVale McGee\mcgeeja01,C,30,GSW,46,391,21.4,.656,.046,.300,9.4,17.6,13.9,8.1,1.6,7.8,10.9,18.5,"",1.0,0.7,1.7,.212,"",0.3,2.6,2.9,0.5
313,Rodney McGruder\mcgruro01,SG,26,MIA,1,9,10.3,.750,1.000,.000,0.0,0.0,0.0,0.0,0.0,0.0,0.0,10.0,"",0.0,0.0,0.0,.113,"",1.2,-4.3,-3.2,0.0
314,Trey McKinney-Jones\mckintr01,SG,27,IND,1,1,0.0,"","","",0.0,0.0,0.0,0.0,0.0,0.0,"",0.0,"",0.0,0.0,0.0,-0.004,"",-5.6,-0.3,-5.9,0.0
315,Alfonzo McKinnie\mckinal01,SF,25,TOR,12,48,9.8,.663,.615,.231,0.0,13.7,7.0,2.9,1.0,1.7,17.3,15.7,"",0.0,0.1,0.1,.082,"",-1.7,-1.3,-3.1,0.0
316,Ben McLemore\mclembe01,SG,24,MEM,38,628,7.6,.505,.441,.147,2.8,9.9,6.3,7.5,1.7,1.2,14.1,18.9,"",-0.4,0.4,0.0,.002,"",-3.2,-1.6,-4.8,-0.4
317,Josh McRoberts\mcrobjo01,PF,30,DAL,2,6,-12.6,.000,1.000,.000,0.0,0.0,0.0,0.0,0.0,0.0,0.0,7.6,"",0.0,0.0,0.0,-0.192,"",-9.7,-2.4,-12.1,0.0
318,Jodie Meeks\meeksjo01,SG,30,WAS,59,871,11.9,.532,.535,.314,1.8,10.7,6.3,9.1,1.4,0.4,8.2,19.0,"",0.8,0.7,1.4,.078,"",-0.7,-2.2,-2.9,-0.2
319,Salah Mejri\mejrisa01,C,31,DAL,55,659,18.1,.650,.024,.472,12.9,26.9,19.7,6.6,1.6,8.5,19.1,12.7,"",1.2,1.3,2.5,.182,"",-2.1,5.5,3.3,0.9
320,Jordan Mickey\mickejo01,PF,23,MIA,18,240,10.1,.513,.164,.239,6.6,27.4,17.0,5.8,0.6,2.8,16.8,16.7,"",-0.1,0.4,0.3,.051,"",-5.8,0.4,-5.4,-0.2
321,Khris Middleton\middlkh01,SF,26,MIL,61,2231,16.9,.570,.325,.280,1.6,15.1,8.4,18.2,1.8,0.5,11.7,24.8,"",3.1,1.8,4.9,.105,"",1.4,-1.2,0.1,1.2
322,C.J. Miles\milescj01,SF,30,TOR,50,919,15.0,.569,.763,.159,1.5,10.1,5.9,5.8,1.7,1.5,4.9,22.1,"",1.5,1.1,2.6,.135,"",2.8,-2.0,0.8,0.7
323,Darius Miller\milleda01,SF,27,NOP,61,1432,9.9,.638,.762,.149,0.8,8.4,4.7,7.5,0.7,0.6,9.6,12.9,"",1.9,0.5,2.4,.082,"",1.0,-2.0,-1.0,0.3
324,Malcolm Miller\millema01,SF,24,TOR,5,23,6.4,.429,.857,.000,5.0,19.0,12.2,5.6,0.0,0.0,0.0,13.3,"",0.0,0.0,0.0,.059,"",-1.7,-2.7,-4.4,0.0
325,Patty Mills\millspa02,PG,29,SAS,62,1510,12.5,.571,.614,.175,1.2,7.3,4.2,16.5,1.4,0.5,13.5,18.0,"",1.5,1.6,3.2,.100,"",1.0,-1.3,-0.3,0.6
326,Paul Millsap\millspa01,PF,32,DEN,17,498,16.9,.528,.292,.307,5.9,18.3,12.0,15.5,1.8,3.7,13.0,24.1,"",0.4,0.6,0.9,.089,"",-0.5,0.8,0.3,0.3
327,Nikola Mirotic\mirotni01,PF,26,TOT,35,943,19.3,.584,.534,.227,4.3,23.6,13.8,9.4,1.4,2.4,8.4,24.2,"",1.4,1.0,2.5,.127,"",1.8,-0.8,1.0,0.7
328,Donovan Mitchell\mitchdo01,SG,21,UTA,58,1877,16.7,.543,.403,.195,2.2,10.2,6.2,19.2,2.3,1.0,12.8,29.0,"",0.8,2.3,3.2,.081,"",1.3,-0.5,0.8,1.3
329,Naz Mitrou-Long\mitrona01,SG,24,UTA,1,1,135.4,1.500,1.000,.000,0.0,0.0,0.0,0.0,0.0,0.0,0.0,45.3,"",0.1,0.0,0.1,2.719,"",69.3,-14.6,54.8,0.0
330,Malik Monk\monkma01,SG,19,CHO,45,515,6.5,.429,.572,.074,0.4,7.0,3.6,14.5,1.0,0.5,8.9,21.9,"",-0.7,0.3,-0.4,-0.034,"",-3.1,-3.4,-6.5,-0.6
331,Greg Monroe\monrogr01,C,27,TOT,32,647,19.8,.601,.000,.296,11.3,25.4,18.2,16.4,1.7,1.3,16.9,20.5,"",1.1,0.7,1.8,.132,"",0.0,1.0,1.0,0.5
332,Luis Montero\montelu01,SG,24,DET,2,8,-15.6,.000,.000,.000,0.0,28.7,13.9,0.0,0.0,0.0,66.7,16.5,"",-0.1,0.0,-0.1,-0.447,"",-23.6,-2.1,-25.7,0.0
333,Ben Moore\moorebe01,PF,22,IND,2,9,-2.3,"","","",0.0,12.4,6.3,13.0,0.0,0.0,"",0.0,"",0.0,0.0,0.0,.071,"",-5.1,0.1,-5.0,0.0
334,E'Twaun Moore\mooreet01,SG,28,NOP,61,1942,11.8,.592,.378,.090,2.6,6.9,4.8,9.5,1.5,0.3,10.6,15.9,"",2.0,1.0,3.0,.073,"",0.5,-1.2,-0.7,0.6
335,Eric Moreland\moreler01,PF,26,DET,49,545,12.5,.511,.000,.309,10.7,26.5,18.4,13.3,1.5,4.7,22.2,8.0,"",0.5,0.9,1.5,.129,"",-3.0,5.0,2.0,0.5
336,Jaylen Morris\morrija01,PG,"",ATL,1,12,-14.7,.167,.333,.000,9.4,9.5,9.4,0.0,0.0,0.0,25.0,29.2,"",-0.1,0.0,-0.1,-0.532,"",-20.5,-8.2,-28.7,-0.1
337,Marcus Morris\morrima03,PF,28,BOS,39,981,13.9,.526,.385,.238,4.0,19.7,12.0,8.5,1.1,0.8,8.7,22.5,"",0.6,1.5,2.1,.103,"",-1.5,-0.4,-1.9,0.0
338,Markieff Morris\morrima02,PF,28,WAS,53,1403,12.9,.565,.302,.180,4.5,19.7,12.2,10.1,1.5,1.6,14.9,18.9,"",0.8,1.6,2.4,.084,"",-1.2,0.7,-0.5,0.5
339,Monte Morris\morrimo01,PG,22,DEN,3,25,27.3,.727,.167,.333,0.0,9.1,4.5,41.3,5.9,0.0,12.7,13.7,"",0.1,0.0,0.2,.315,"",3.6,-1.4,2.2,0.0
340,Johnathan Motley\motlejo01,PF,22,DAL,3,8,45.3,.528,.000,1.600,0.0,72.5,35.1,30.4,0.0,22.6,0.0,48.6,"",0.0,0.0,0.0,.291,"",1.0,14.2,15.1,0.0
341,Timofey Mozgov\mozgoti01,C,31,BRK,27,332,10.8,.595,.214,.298,8.8,18.6,13.7,3.7,0.7,2.5,24.0,16.3,"",0.0,0.3,0.3,.039,"",-4.5,-0.3,-4.8,-0.2
342,Emmanuel Mudiay\mudiaem01,PG,21,TOT,48,900,12.9,.497,.309,.255,2.4,12.0,7.2,25.7,1.5,0.7,16.5,24.9,"",-0.1,0.5,0.5,.025,"",-1.8,-2.2,-4.1,-0.5
343,Shabazz Muhammad\muhamsh01,SF,25,MIN,32,301,9.4,.446,.157,.256,5.7,11.7,8.7,3.3,0.8,0.6,3.6,20.5,"",0.0,0.1,0.1,.009,"",-4.2,-4.3,-8.5,-0.5
344,Xavier Munford\munfoxa02,SG,25,MIL,5,19,-1.4,.218,.333,.333,6.2,0.0,3.1,28.0,2.6,0.0,22.5,21.3,"",-0.1,0.0,-0.1,-0.215,"",-9.6,-4.3,-13.9,-0.1
345,Dejounte Murray\murrade01,PG,21,SAS,61,1212,14.8,.480,.047,.233,7.5,22.4,15.0,22.1,2.4,1.8,17.7,21.3,"",-0.3,2.3,2.0,.079,"",-2.6,3.2,0.7,0.8
346,Jamal Murray\murraja01,PG,20,DEN,60,1833,16.3,.585,.399,.220,3.9,9.4,6.6,15.7,1.4,0.8,13.3,23.0,"",3.1,0.9,4.1,.106,"",1.9,-2.1,-0.2,0.8
347,Mike Muscala\muscami01,C,26,ATL,33,568,14.9,.586,.452,.205,7.3,18.5,12.9,7.2,1.7,2.4,10.4,15.6,"",0.9,0.6,1.4,.120,"",-0.1,0.3,0.2,0.3
348,Abdel Nader\naderab01,SF,24,BOS,31,282,5.3,.456,.500,.159,3.2,11.8,7.6,9.2,1.1,1.2,18.6,17.1,"",-0.4,0.4,-0.1,-0.009,"",-5.3,-0.1,-5.4,-0.2
349,Larry Nance\nancela02,C,25,TOT,48,1052,19.9,.618,.017,.356,12.5,20.1,16.3,9.6,3.1,2.1,11.4,15.2,"",2.6,1.7,4.4,.199,"",1.2,2.8,4.0,1.6
350,Shabazz Napier\napiesh01,PG,26,POR,54,1148,15.4,.561,.398,.246,1.9,9.6,5.8,15.5,2.9,0.8,13.6,19.8,"",1.2,1.5,2.7,.115,"",0.4,0.5,0.9,0.8
351,Jameer Nelson\nelsoja01,PG,35,TOT,48,970,8.6,.502,.517,.077,1.5,10.0,5.8,23.3,1.2,0.3,20.7,13.7,"",0.1,0.5,0.6,.032,"",-2.2,-1.8,-4.0,-0.5
352,Raul Neto\netora01,PG,25,UTA,33,434,12.5,.551,.314,.212,1.8,9.8,5.8,22.6,1.2,0.6,15.8,18.6,"",0.4,0.4,0.8,.085,"",-1.5,-1.5,-3.0,-0.1
353,Georges Niang\niangge01,PF,24,UTA,2,2,27.0,"","","",0.0,0.0,0.0,0.0,25.2,0.0,"",0.0,"",0.0,0.0,0.0,.332,"",2.7,23.6,26.3,0.0
354,Joakim Noah\noahjo01,C,32,NYK,7,40,15.7,.510,.000,.400,16.9,22.2,19.6,14.1,2.5,4.4,25.4,17.2,"",0.0,0.1,0.1,.078,"",-2.1,3.6,1.5,0.0
355,Nerlens Noel\noelne01,C,23,DAL,19,241,14.6,.581,.000,.333,12.2,23.6,17.7,4.4,2.3,4.1,21.6,15.8,"",0.2,0.4,0.5,.108,"",-4.1,2.5,-1.5,0.0
356,Lucas Nogueira\noguelu01,C,25,TOR,35,318,16.8,.654,.250,.281,5.0,18.6,12.0,6.4,2.8,8.1,15.3,11.6,"",0.5,0.7,1.2,.185,"",-0.9,6.2,5.3,0.6
357,Dirk Nowitzki\nowitdi01,C,39,DAL,61,1530,17.1,.577,.415,.152,1.4,24.9,12.8,10.7,1.2,2.0,5.6,20.4,"",2.3,1.7,4.1,.128,"",0.3,0.4,0.7,1.0
358,Frank Ntilikina\ntilila01,PG,19,NYK,59,1207,6.6,.433,.303,.153,2.3,9.4,5.9,20.7,2.3,0.9,22.4,17.3,"",-1.8,1.0,-0.8,-0.031,"",-3.9,0.0,-3.9,-0.6
359,Jusuf Nurkic\nurkiju01,C,23,POR,58,1536,17.8,.514,.010,.304,9.1,25.1,17.2,11.5,1.6,3.9,14.7,26.8,"",-0.1,2.7,2.6,.083,"",-3.3,2.4,-0.9,0.4
360,David Nwaba\nwabada01,SG,25,CHI,49,1098,13.2,.588,.103,.593,5.1,16.8,10.8,8.0,1.7,1.8,12.3,13.9,"",1.3,1.0,2.4,.103,"",-2.1,1.3,-0.8,0.3
361,Johnny O'Bryant\obryajo01,PF,24,CHO,36,379,11.9,.470,.251,.146,8.1,19.2,13.5,5.9,1.0,1.3,7.6,22.6,"",-0.1,0.4,0.3,.042,"",-3.4,-2.1,-5.5,-0.3
362,Royce O'Neale\onealro01,SF,24,UTA,48,734,12.2,.552,.426,.303,2.9,20.8,11.8,13.6,1.7,0.6,14.0,15.9,"",0.6,1.0,1.6,.103,"",-1.5,0.9,-0.7,0.2
363,Kyle O'Quinn\oquinky01,C,27,NYK,60,1015,19.5,.636,.032,.361,10.0,27.3,18.7,16.2,1.2,5.6,19.8,17.2,"",1.9,1.6,3.5,.165,"",0.2,3.9,4.1,1.6
364,Semi Ojeleye\ojelese01,PF,23,BOS,55,780,4.2,.442,.752,.203,3.9,11.1,7.6,2.4,1.0,0.2,9.4,9.2,"",-0.2,1.0,0.7,.044,"",-3.7,0.1,-3.6,-0.3
365,Emeka Okafor\okafoem01,C,35,NOP,8,119,17.5,.489,.000,.344,17.1,22.5,19.9,3.4,0.4,8.8,5.1,14.1,"",0.2,0.2,0.4,.150,"",-3.0,2.1,-0.9,0.0
366,Jahlil Okafor\okafoja01,C,22,TOT,24,311,14.0,.562,.025,.246,6.2,19.2,12.6,6.6,0.5,3.7,12.7,20.8,"",0.2,0.3,0.5,.074,"",-4.2,-0.2,-4.5,-0.2
367,Victor Oladipo\oladivi01,SG,25,IND,55,1887,23.7,.584,.335,.284,2.0,15.4,8.8,20.5,3.2,2.0,12.1,30.5,"",3.7,2.7,6.4,.162,"",3.9,0.7,4.6,3.1
368,Kelly Olynyk\olynyke01,PF,26,MIA,55,1288,16.0,.602,.426,.276,5.4,21.2,13.3,16.0,1.6,1.6,18.0,21.4,"",1.4,1.9,3.2,.120,"",0.4,1.1,1.5,1.2
369,Cedi Osman\osmande01,SF,22,CLE,49,485,10.6,.588,.410,.246,2.8,18.2,10.6,6.4,1.6,0.5,12.3,14.1,"",0.4,0.3,0.7,.069,"",-2.0,-1.3,-3.3,-0.2
370,Kelly Oubre\oubreke01,SF,22,WAS,62,1725,12.4,.554,.459,.284,3.1,15.5,9.3,5.9,1.5,1.3,9.1,18.8,"",1.6,1.8,3.4,.094,"",-0.4,-0.6,-1.0,0.4
371,Zaza Pachulia\pachuza01,C,33,GSW,52,754,17.5,.647,.000,.382,9.9,24.8,18.0,15.3,2.0,1.1,19.7,16.8,"",1.6,1.2,2.8,.179,"",0.2,1.3,1.5,0.7
372,Marcus Paige\paigema01,PG,24,CHO,1,3,-19.4,.000,.000,.000,0.0,74.7,36.3,0.0,0.0,0.0,0.0,28.9,"",0.0,0.0,0.0,-0.615,"",-34.4,-11.0,-45.5,0.0
373,Georgios Papagiannis\papagge01,C,20,SAC,16,118,10.7,.415,.000,.000,11.2,24.3,17.5,11.5,0.9,4.8,16.3,18.6,"",-0.2,0.1,-0.1,-0.025,"",-6.2,1.1,-5.1,-0.1
374,Jabari Parker\parkeja01,PF,22,MIL,10,195,17.3,.583,.203,.392,5.5,18.7,12.1,5.9,1.5,1.3,12.3,24.7,"",0.2,0.2,0.4,.096,"",-2.1,-2.9,-5.0,-0.1
375,Tony Parker\parketo01,PG,35,SAS,35,717,14.1,.506,.086,.190,0.8,10.3,5.6,29.4,1.5,0.1,13.4,21.0,"",0.4,0.8,1.2,.080,"",-1.8,-1.3,-3.1,-0.2
376,Chandler Parsons\parsoch01,SF,29,MEM,27,557,14.4,.601,.525,.137,2.5,13.2,7.8,16.7,1.3,1.5,13.0,18.1,"",0.7,0.4,1.1,.097,"",0.9,-1.1,-0.2,0.3
377,Patrick Patterson\pattepa01,PF,28,OKC,63,969,8.7,.532,.650,.168,2.2,13.9,7.8,5.8,1.9,1.4,11.7,10.7,"",0.5,1.1,1.6,.081,"",-2.4,0.2,-2.2,0.0
378,Brandon Paul\paulbr01,SG,26,SAS,53,488,9.1,.526,.450,.303,1.1,12.9,7.0,10.1,2.6,0.9,15.7,13.5,"",0.0,0.8,0.7,.073,"",-2.8,1.2,-1.6,0.0
379,Chris Paul\paulch01,PG,32,HOU,43,1373,25.2,.608,.478,.285,2.4,17.9,10.2,41.9,2.8,0.8,13.2,24.5,"",5.7,2.0,7.8,.272,"",6.4,1.3,7.7,3.4
380,Adreian Payne\paynead01,PF,26,ORL,5,43,18.8,.831,.300,.600,5.1,18.2,11.6,0.0,2.3,0.0,13.7,14.9,"",0.1,0.0,0.2,.196,"",0.4,-4.4,-4.0,0.0
381,Cameron Payne\payneca01,PG,23,CHI,4,75,13.7,.406,.406,.000,2.8,10.3,6.4,37.5,2.0,4.6,11.1,21.0,"",0.0,0.1,0.0,.027,"",-2.0,0.1,-1.9,0.0
382,Elfrid Payton\paytoel01,PG,23,TOT,51,1499,17.9,.565,.145,.260,4.1,12.6,8.3,34.7,2.3,0.9,18.8,21.9,"",1.9,1.0,3.0,.095,"",1.1,-0.2,0.9,1.1
383,Gary Payton\paytoga02,PG,25,TOT,16,144,8.2,.423,.326,.065,6.2,12.1,9.2,13.1,1.0,1.7,6.0,15.6,"",0.0,0.1,0.1,.031,"",-3.1,-1.4,-4.5,-0.1
384,London Perrantes\perralo01,PG,23,CLE,2,4,-6.0,.000,.000,.000,0.0,0.0,0.0,30.1,0.0,0.0,0.0,11.1,"",0.0,0.0,0.0,-0.172,"",-13.2,-9.7,-22.8,0.0
385,Alec Peters\peteral01,PF,22,PHO,9,81,5.8,.316,.875,.125,5.2,19.0,11.9,11.8,0.0,2.0,3.8,13.8,"",-0.1,0.0,-0.1,-0.040,"",-3.7,-1.7,-5.5,-0.1
386,Marshall Plumlee\plumlma02,C,25,MIL,7,45,13.2,.697,.000,5.333,10.5,31.4,21.0,5.7,0.0,1.9,23.0,13.2,"",0.1,0.0,0.2,.169,"",-3.4,-1.6,-5.0,0.0
387,Mason Plumlee\plumlma01,C,27,DEN,53,1107,16.3,.564,.003,.485,10.1,21.9,16.0,13.9,1.8,4.5,19.0,17.1,"",0.9,1.4,2.4,.102,"",-1.6,2.9,1.3,0.9
388,Miles Plumlee\plumlmi01,C,29,ATL,41,682,11.1,.594,.000,.315,8.6,16.9,12.7,8.0,1.1,3.3,24.1,12.5,"",0.2,0.6,0.7,.052,"",-3.4,1.7,-1.7,0.1
389,Jakob Poeltl\poeltja01,C,22,TOR,60,1102,17.6,.655,.007,.290,12.5,16.0,14.3,5.1,1.1,5.6,15.6,15.0,"",2.4,1.8,4.2,.181,"",0.4,2.8,3.2,1.5
390,Quincy Pondexter\pondequ01,SF,29,CHI,23,196,4.1,.398,.449,.347,4.2,10.7,7.4,6.3,2.0,0.9,16.3,15.1,"",-0.3,0.2,-0.2,-0.044,"",-6.1,-0.5,-6.5,-0.2
391,Otto Porter\porteot01,SF,24,WAS,58,1851,18.4,.594,.353,.146,4.9,17.8,11.4,10.1,2.5,1.4,6.7,18.5,"",3.9,2.5,6.4,.166,"",2.5,1.3,3.8,2.7
392,Bobby Portis\portibo01,PF,22,CHI,52,1107,21.1,.554,.274,.223,10.8,22.3,16.4,13.6,1.3,1.2,9.5,26.6,"",1.8,1.0,2.9,.124,"",1.7,-0.9,0.8,0.8
393,Kristaps Porzingis\porzikr01,PF,22,NYK,48,1553,20.5,.539,.258,.309,4.5,18.2,11.4,6.3,1.2,6.5,8.4,31.1,"",1.5,2.0,3.6,.110,"",-0.3,0.1,-0.2,0.7
394,Dwight Powell\poweldw01,C,26,DAL,61,1247,18.5,.643,.163,.399,8.9,21.0,14.8,7.8,2.1,1.8,10.1,15.6,"",3.2,1.6,4.8,.183,"",0.7,1.6,2.3,1.4
395,Norman Powell\powelno01,SG,24,TOR,51,811,9.0,.494,.465,.125,1.1,10.7,6.0,12.4,1.9,1.3,14.4,19.1,"",-0.4,1.0,0.6,.035,"",-2.4,-0.1,-2.5,-0.1
396,Alex Poythress\poythal01,PF,24,IND,22,92,8.4,.523,.364,.000,7.5,8.5,8.0,2.9,1.6,1.0,8.3,11.6,"",0.1,0.1,0.1,.069,"",-1.9,-1.5,-3.4,0.0
397,Jacob Pullen\pulleja01,PG,28,PHI,3,6,-2.2,.500,.500,.000,0.0,0.0,0.0,0.0,0.0,0.0,33.3,21.4,"",0.0,0.0,0.0,-0.215,"",-10.5,-5.0,-15.5,0.0
398,Zhou Qi\qizh01,C,22,HOU,14,75,0.0,.299,.625,.417,3.0,16.6,9.8,1.8,1.3,6.9,15.0,19.6,"",-0.3,0.1,-0.2,-0.126,"",-10.7,0.7,-10.0,-0.2
399,Ivan Rabb\rabbiv01,PF,20,MEM,20,229,16.4,.647,.000,.227,11.6,22.5,17.0,9.9,0.9,1.6,21.6,18.3,"",0.3,0.2,0.5,.104,"",-1.9,-0.5,-2.4,0.0
400,Julius Randle\randlju01,C,23,LAL,60,1493,19.5,.601,.064,.418,9.0,23.2,16.1,16.0,1.0,2.1,17.0,25.0,"",2.3,1.8,4.2,.134,"",0.1,0.8,0.9,1.1
401,Zach Randolph\randoza01,PF,36,SAC,52,1343,18.2,.543,.188,.145,7.6,24.1,15.5,14.4,1.5,0.6,13.2,27.4,"",0.7,0.8,1.5,.054,"",-0.1,-1.4,-1.5,0.2
402,J.J. Redick\redicjj01,SG,33,PHI,48,1516,14.7,.592,.528,.240,0.6,8.4,4.6,16.0,0.9,0.2,9.8,21.0,"",3.0,1.2,4.2,.132,"",2.0,-2.5,-0.5,0.6
403,Davon Reed\reedda01,SG,22,PHO,7,56,0.5,.283,.467,.133,0.0,11.8,5.7,9.6,1.7,1.4,11.2,13.5,"",-0.2,0.0,-0.1,-0.107,"",-7.6,-0.8,-8.4,-0.1
404,Willie Reed\reedwi02,C,27,TOT,42,428,19.2,.671,.017,.455,9.1,21.7,15.5,3.6,1.0,4.4,11.6,16.6,"",1.0,0.5,1.6,.177,"",-0.9,0.1,-0.8,0.1
405,Josh Richardson\richajo01,SF,24,MIA,61,2079,13.1,.555,.397,.161,2.6,8.6,5.6,13.1,2.2,2.3,13.6,18.2,"",1.2,2.7,3.9,.090,"",-0.2,1.4,1.2,1.7
406,Malachi Richardson\richama01,SG,22,TOT,26,324,5.9,.446,.444,.244,1.7,10.7,6.0,5.6,1.6,0.3,9.1,15.2,"",-0.2,0.1,-0.2,-0.023,"",-4.1,-2.4,-6.5,-0.4
407,Austin Rivers\riverau01,SG,25,LAC,40,1321,12.5,.529,.458,.199,1.3,6.2,3.8,17.2,1.6,0.6,11.2,21.4,"",0.8,0.8,1.5,.056,"",0.6,-1.9,-1.3,0.2
408,Andre Roberson\roberan03,SG,26,OKC,39,1037,11.0,.543,.222,.235,7.8,12.3,10.0,6.0,2.2,3.1,14.4,8.7,"",0.8,1.3,2.2,.102,"",-1.4,2.8,1.4,0.9
409,Glenn Robinson\robingl02,SF,24,IND,3,52,10.8,.429,.267,.200,4.4,8.6,6.5,13.0,1.9,1.7,5.8,14.8,"",0.0,0.0,0.1,.048,"",-2.7,-0.7,-3.4,0.0
410,Rajon Rondo\rondora01,PG,31,NOP,47,1186,14.4,.512,.326,.070,2.5,13.8,8.3,41.2,1.7,0.7,22.8,16.7,"",1.2,1.0,2.1,.086,"",-0.8,-1.2,-2.0,0.0
411,Derrick Rose\rosede01,PG,29,CLE,16,308,11.6,.523,.182,.311,3.7,6.8,5.3,13.2,0.5,1.1,15.7,25.6,"",-0.1,0.0,-0.1,-0.015,"",-3.9,-3.7,-7.6,-0.4
412,Terrence Ross\rosste01,SG,26,ORL,22,576,10.3,.515,.480,.198,1.9,11.6,6.7,8.7,2.3,1.2,11.5,16.5,"",0.0,0.4,0.4,.031,"",-1.6,-0.1,-1.7,0.0
413,Terry Rozier\roziete01,PG,23,BOS,63,1518,15.0,.522,.496,.190,3.7,16.3,10.1,16.0,2.0,0.6,8.0,19.9,"",1.7,2.6,4.3,.135,"",0.6,1.0,1.7,1.4
414,Ricky Rubio\rubiori01,PG,27,UTA,57,1659,13.7,.520,.329,.294,2.0,14.7,8.3,27.8,2.6,0.4,19.5,22.4,"",0.1,2.3,2.4,.069,"",-0.9,1.1,0.1,0.9
415,D'Angelo Russell\russeda01,PG,21,BRK,28,692,15.1,.505,.347,.229,2.7,13.4,8.0,35.8,1.4,0.7,16.9,32.9,"",-0.5,0.5,0.0,-0.001,"",0.3,-1.2,-0.9,0.2
416,Domantas Sabonis\sabondo01,C,21,IND,59,1498,18.0,.579,.056,.371,11.1,25.2,18.3,12.8,0.9,1.6,16.1,22.0,"",2.4,1.7,4.1,.131,"",-0.4,0.2,-0.2,0.7
417,JaKarr Sampson\sampsja02,SF,24,SAC,13,186,15.4,.687,.128,.103,7.7,22.5,14.8,5.6,1.1,4.6,10.9,11.0,"",0.4,0.2,0.6,.142,"",-1.0,1.1,0.2,0.1
418,Dario Saric\saricda01,PF,23,PHI,58,1785,15.6,.572,.438,.225,7.6,16.7,12.3,13.3,1.1,0.8,13.1,20.5,"",2.8,2.0,4.8,.129,"",1.5,-0.2,1.2,1.5
419,Tomas Satoransky\satorto01,SG,26,WAS,53,1037,16.2,.629,.290,.265,4.7,9.9,7.3,24.6,1.7,0.8,14.4,13.5,"",2.7,0.9,3.5,.164,"",1.8,-0.5,1.3,0.9
420,Dennis Schroder\schrode01,PG,24,ATL,58,1807,17.5,.512,.223,.230,2.4,8.9,5.6,35.4,1.8,0.3,12.3,30.2,"",1.5,0.9,2.5,.066,"",1.4,-2.2,-0.8,0.6
421,Mike Scott\scottmi01,PF,29,WAS,57,1034,13.8,.613,.326,.135,3.6,15.9,9.8,7.5,0.9,0.8,13.2,20.0,"",1.0,0.9,1.9,.088,"",-0.5,-1.7,-2.3,-0.1
422,Thabo Sefolosha\sefolth01,SF,33,UTA,38,806,16.0,.591,.350,.225,4.1,18.8,11.4,6.4,3.2,1.3,10.2,16.5,"",1.0,1.4,2.4,.145,"",-0.2,1.9,1.7,0.8
423,Wayne Selden\seldewa01,SG,23,MEM,20,389,9.1,.525,.447,.262,2.7,7.8,5.2,15.3,1.4,0.2,18.2,22.4,"",-0.3,0.2,-0.1,-0.009,"",-2.4,-2.9,-5.3,-0.3
424,Ramon Sessions\sessira01,PG,31,NYK,13,167,6.2,.403,.208,.283,0.7,11.3,6.0,22.1,2.1,0.5,20.1,19.5,"",-0.3,0.1,-0.2,-0.058,"",-5.8,-1.1,-6.8,-0.2
425,Iman Shumpert\shumpim01,SG,27,CLE,14,276,6.4,.480,.448,.259,2.9,13.6,8.3,8.2,1.6,1.6,20.8,13.1,"",-0.2,0.2,-0.1,-0.011,"",-4.1,0.2,-3.9,-0.1
426,Pascal Siakam\siakapa01,PF,23,TOR,59,1192,14.9,.545,.301,.171,6.0,18.6,12.5,13.3,2.1,2.2,11.3,15.8,"",1.5,2.0,3.4,.139,"",0.2,2.5,2.8,1.4
427,Ben Simmons\simmobe01,PG,21,PHI,58,2018,18.9,.547,.013,.349,5.9,17.8,12.0,34.3,2.5,2.2,19.3,23.1,"",2.2,3.4,5.5,.132,"",0.4,3.1,3.6,2.8
428,Jonathon Simmons\simmojo02,SG,28,ORL,60,1742,12.9,.551,.255,.294,3.3,10.1,6.7,12.9,1.4,0.7,14.0,21.9,"",0.8,0.7,1.4,.040,"",-1.0,-1.5,-2.5,-0.2
429,Kobi Simmons\simmoko01,PG,20,MEM,13,199,7.0,.464,.245,.132,1.7,9.4,5.5,11.7,2.0,1.4,16.4,15.3,"",-0.2,0.2,0.0,-0.007,"",-4.9,-0.4,-5.4,-0.2
430,Kyle Singler\singlky01,SF,29,OKC,12,59,6.0,.430,.238,.619,1.8,17.7,9.5,4.8,0.8,0.0,10.1,21.7,"",-0.1,0.0,0.0,-0.028,"",-7.7,-4.1,-11.8,-0.1
431,Marcus Smart\smartma01,SG,23,BOS,50,1490,10.5,.477,.475,.246,2.8,9.7,6.3,23.4,2.2,1.2,18.5,19.4,"",-0.7,2.4,1.6,.053,"",-1.9,1.3,-0.6,0.5
432,Dennis Smith\smithde03,PG,20,DAL,54,1589,12.0,.468,.345,.200,2.5,12.7,7.4,27.5,1.7,0.7,15.4,28.7,"",-2.3,1.3,-1.0,-0.030,"",-2.1,-0.7,-2.8,-0.3
433,Ish Smith\smithis01,PG,29,DET,61,1504,15.3,.511,.079,.169,1.7,11.1,6.3,29.2,1.5,0.8,10.8,21.4,"",1.6,1.4,3.0,.094,"",-0.9,-0.7,-1.6,0.2
434,J.R. Smith\smithjr01,SG,32,CLE,59,1727,8.3,.527,.693,.085,1.6,9.7,5.7,8.8,1.5,0.4,10.9,13.4,"",0.4,0.7,1.1,.031,"",-0.5,-1.0,-1.4,0.2
435,Jason Smith\smithja02,C,31,WAS,23,216,6.7,.407,.256,.198,8.4,11.9,10.2,8.0,0.7,4.1,11.4,21.5,"",-0.3,0.2,-0.1,-0.026,"",-5.6,-0.7,-6.2,-0.2
436,Josh Smith\smithjo03,PF,32,NOP,3,12,3.5,.250,.000,.000,28.2,8.9,18.3,0.0,0.0,0.0,0.0,14.4,"",0.0,0.0,0.0,-0.017,"",-6.1,-7.7,-13.7,0.0
437,Tony Snell\snellto01,SG,26,MIL,55,1588,8.4,.581,.610,.129,0.7,7.9,4.3,5.7,1.1,1.1,8.0,10.8,"",1.2,0.8,1.9,.058,"",-0.6,-1.0,-1.6,0.2
438,Marreese Speights\speigma01,C,30,ORL,47,624,13.7,.539,.672,.155,3.5,18.8,11.1,9.3,0.5,2.5,9.4,26.8,"",0.2,0.4,0.6,.043,"",0.3,-3.4,-3.0,-0.2
439,Nik Stauskas\stausni01,SG,24,TOT,33,419,8.7,.548,.675,.171,0.7,12.0,6.3,10.3,0.8,0.5,14.3,15.1,"",0.1,0.2,0.3,.034,"",-2.3,-1.5,-3.8,-0.2
440,Lance Stephenson\stephla01,SG,27,IND,61,1426,12.8,.508,.326,.184,3.6,22.6,13.3,19.0,1.3,0.7,15.6,20.9,"",0.1,1.5,1.6,.053,"",-1.7,0.0,-1.7,0.1
441,Julyan Stone\stoneju01,SG,29,CHO,12,48,9.9,.750,1.000,.000,0.0,28.0,13.6,30.2,2.0,1.8,50.0,7.2,"",0.0,0.1,0.1,.105,"",-3.2,1.8,-1.4,0.0
442,Caleb Swanigan\swanica01,PF,20,POR,18,142,6.7,.404,.133,.289,10.2,18.2,14.3,9.1,1.8,1.7,19.1,19.5,"",-0.3,0.2,-0.1,-0.023,"",-6.2,0.8,-5.3,-0.1
443,Jayson Tatum\tatumja01,SF,19,BOS,63,1921,14.7,.587,.296,.319,2.4,15.2,8.9,7.2,1.5,2.2,10.3,18.5,"",2.4,3.2,5.6,.139,"",-0.8,1.6,0.8,1.4
444,Isaiah Taylor\taylois01,PG,23,ATL,47,691,12.0,.517,.220,.395,2.1,8.1,5.1,24.7,1.6,1.3,15.2,18.0,"",0.5,0.4,0.8,.057,"",-2.3,-1.8,-4.1,-0.4
445,Jeff Teague\teaguje01,PG,29,MIN,53,1758,15.6,.546,.283,.285,1.3,9.3,5.2,30.1,2.3,0.9,17.6,20.1,"",2.2,1.1,3.3,.090,"",1.0,-1.2,-0.2,0.8
446,Mirza Teletovic\teletmi01,PF,32,MIL,10,159,13.7,.623,.789,.000,2.2,14.8,8.5,9.7,1.3,0.5,10.9,18.4,"",0.2,0.1,0.3,.095,"",1.7,-3.0,-1.4,0.0
447,Garrett Temple\templga01,SG,31,SAC,55,1373,10.0,.521,.464,.162,1.6,9.8,5.5,12.0,1.8,1.7,13.6,16.8,"",0.0,0.6,0.5,.019,"",-1.5,-0.9,-2.3,-0.1
448,Milos Teodosic\teodomi01,PG,30,LAC,31,773,11.3,.537,.656,.097,2.2,11.6,6.9,28.8,1.0,0.3,20.8,19.1,"",0.4,0.4,0.8,.050,"",0.4,-2.0,-1.6,0.1
449,Jason Terry\terryja01,SG,40,MIL,30,370,7.8,.528,.716,.081,0.3,8.3,4.3,10.0,2.2,1.2,13.5,10.9,"",0.1,0.3,0.3,.044,"",-2.1,-0.9,-3.0,-0.1
450,Daniel Theis\theisda01,C,25,BOS,60,889,16.3,.617,.248,.345,10.9,21.2,16.2,8.7,1.6,4.3,17.2,15.8,"",1.5,1.9,3.4,.181,"",-0.8,3.4,2.6,1.0
451,Isaiah Thomas\thomais02,PG,28,TOT,21,542,12.7,.510,.467,.349,1.7,6.4,4.1,26.2,1.1,0.5,16.7,28.5,"",-0.1,0.2,0.1,.007,"",-1.2,-4.3,-5.5,-0.5
452,Lance Thomas\thomala01,PF,29,NYK,59,1074,6.7,.530,.443,.222,3.7,10.9,7.3,4.1,1.0,1.1,12.2,10.3,"",0.4,0.6,1.0,.044,"",-1.9,-0.2,-2.1,0.0
453,Klay Thompson\thompkl01,SG,27,GSW,61,2082,16.3,.608,.450,.084,1.5,10.4,6.4,10.9,1.0,1.2,9.4,23.1,"",3.1,1.6,4.6,.107,"",2.1,-2.2,-0.2,1.0
454,Tristan Thompson\thomptr01,C,26,CLE,40,849,13.5,.598,.000,.341,11.7,21.9,16.9,4.3,0.8,1.6,12.3,12.3,"",1.5,0.6,2.0,.115,"",-1.4,-0.5,-1.9,0.0
455,Sindarius Thornwell\thornsi01,SG,23,LAC,51,652,7.9,.540,.305,.391,2.2,9.8,6.1,7.3,2.0,2.2,17.6,12.1,"",0.0,0.6,0.6,.045,"",-3.0,1.1,-1.9,0.0
456,Anthony Tolliver\tollian01,PF,32,DET,58,1227,12.2,.633,.787,.265,2.9,12.5,7.6,8.1,0.8,1.0,11.5,14.7,"",2.0,1.0,3.0,.118,"",1.4,-0.9,0.5,0.8
457,Karl-Anthony Towns\townska01,C,22,MIN,64,2252,24.6,.647,.255,.336,9.6,31.0,20.2,10.7,1.1,3.7,11.3,22.3,"",7.9,2.7,10.6,.225,"",4.1,1.2,5.3,4.2
458,P.J. Tucker\tuckepj01,SF,32,HOU,61,1685,7.7,.523,.672,.157,4.5,18.6,11.6,4.2,1.8,0.8,13.5,9.8,"",0.6,2.1,2.7,.076,"",-1.8,1.5,-0.3,0.7
459,Evan Turner\turneev01,SF,29,POR,58,1488,9.5,.513,.200,.196,1.7,12.5,7.2,12.2,1.2,1.1,14.8,15.6,"",0.1,1.5,1.5,.050,"",-2.8,0.7,-2.1,0.0
460,Myles Turner\turnemy01,C,21,IND,45,1262,18.0,.581,.246,.341,5.7,21.1,13.6,7.6,0.9,6.3,11.6,20.7,"",1.8,1.7,3.6,.136,"",-0.7,1.8,1.1,1.0
461,Ekpe Udoh\udohek01,C,30,UTA,50,733,16.2,.596,.000,.500,9.5,11.3,10.4,9.5,2.7,7.4,10.8,9.1,"",1.5,1.5,3.0,.193,"",-0.4,6.4,6.0,1.5
462,Tyler Ulis\ulisty01,PG,22,PHO,56,1258,8.8,.447,.258,.184,1.2,6.3,3.7,25.7,2.1,0.3,17.6,17.3,"",-0.8,0.4,-0.4,-0.017,"",-3.4,-2.3,-5.7,-1.2
463,Jonas Valanciunas\valanjo01,C,25,TOR,56,1237,21.0,.628,.099,.297,11.5,30.2,21.0,7.1,0.9,2.8,13.4,21.4,"",3.1,2.2,5.2,.204,"",0.3,0.8,1.1,1.0
464,Denzel Valentine\valende01,SG,24,CHI,61,1691,11.7,.521,.512,.071,2.6,18.8,10.4,17.0,1.3,0.4,10.9,16.8,"",0.9,1.3,2.1,.060,"",-0.6,0.0,-0.6,0.6
465,Fred VanVleet\vanvlfr01,PG,23,TOR,57,1085,15.9,.556,.448,.174,1.7,12.5,7.2,22.7,2.4,0.8,11.5,18.9,"",1.9,1.5,3.4,.151,"",1.6,0.3,1.9,1.1
466,Rashad Vaughn\vaughra01,SG,21,TOT,27,202,10.3,.555,.655,.109,1.7,9.3,5.5,9.3,1.2,1.3,8.0,14.1,"",0.2,0.1,0.3,.066,"",-1.2,-2.7,-3.9,-0.1
467,Noah Vonleh\vonleno01,PF,22,TOT,38,542,12.7,.561,.115,.327,7.6,31.4,19.6,4.5,0.6,2.0,12.8,12.0,"",0.5,0.8,1.3,.116,"",-3.9,0.6,-3.3,-0.2
468,Nikola Vucevic\vucevni01,C,27,ORL,38,1134,21.1,.561,.279,.110,6.5,27.2,16.8,18.6,1.7,3.0,11.1,25.3,"",1.5,1.3,2.8,.121,"",1.7,1.7,3.4,1.6
469,Dwyane Wade\wadedw01,SG,36,TOT,52,1205,15.5,.512,.158,.287,4.3,14.8,9.6,23.3,2.0,2.6,15.9,25.0,"",0.1,1.1,1.2,.047,"",-2.0,0.5,-1.5,0.2
470,Dion Waiters\waitedi01,SG,26,MIA,30,918,10.7,.487,.415,.168,1.0,8.5,4.8,20.3,1.3,0.8,13.7,25.1,"",-0.7,0.8,0.1,.005,"",-2.0,-1.8,-3.8,-0.4
471,Kemba Walker\walkeke02,PG,27,CHO,60,2083,21.4,.571,.426,.307,1.3,9.1,5.1,28.6,1.7,0.8,9.9,28.0,"",5.3,1.8,7.1,.164,"",5.5,-1.5,4.0,3.2
472,John Wall\walljo01,PG,27,WAS,37,1269,19.1,.511,.245,.366,1.8,9.9,5.9,42.7,1.9,2.9,15.9,28.9,"",1.2,1.3,2.5,.095,"",1.4,0.0,1.4,1.1
473,Tyrone Wallace\wallaty01,PG,23,LAC,21,581,12.1,.543,.156,.383,2.7,10.6,6.7,13.2,1.5,1.3,11.4,16.4,"",0.6,0.4,1.0,.086,"",-1.2,0.1,-1.1,0.1
474,Taurean Waller-Prince\princta02,SF,23,ATL,62,1856,11.1,.530,.449,.184,2.5,15.5,8.9,11.9,1.6,1.4,15.7,20.5,"",-0.6,1.4,0.9,.022,"",-1.8,-0.1,-1.9,0.1
475,Derrick Walton\waltode01,PG,22,MIA,14,137,10.3,.524,.708,.167,0.8,9.1,5.0,15.1,1.8,1.9,7.2,9.1,"",0.2,0.2,0.3,.113,"",-1.8,0.3,-1.5,0.0
476,T.J. Warren\warretj01,SF,24,PHO,59,1926,18.1,.541,.085,.253,5.9,11.0,8.4,7.6,1.5,1.6,6.6,25.0,"",2.7,0.8,3.5,.087,"",0.0,-1.7,-1.7,0.2
477,James Webb\webbja01,SF,24,BRK,9,108,2.5,.333,.810,.000,6.8,14.8,10.8,5.0,0.4,0.0,12.5,9.6,"",-0.1,0.1,-0.1,-0.025,"",-4.9,-1.1,-5.9,-0.1
478,Briante Weber\weberbr01,PG,25,HOU,13,118,11.0,.547,.409,.182,2.9,14.4,8.7,15.0,4.1,2.2,22.8,11.4,"",0.1,0.2,0.3,.117,"",-2.4,3.5,1.2,0.1
479,David West\westda01,C,37,GSW,58,791,22.9,.637,.024,.211,8.2,18.9,14.0,20.6,2.2,6.4,16.2,21.2,"",1.9,1.5,3.4,.204,"",1.1,3.6,4.7,1.3
480,Russell Westbrook\westbru01,PG,29,OKC,61,2209,24.4,.515,.207,.330,5.2,25.1,14.8,50.5,2.7,0.5,16.4,34.5,"",3.7,3.5,7.3,.158,"",4.8,3.1,7.9,5.5
481,Andrew White\whitean01,SF,24,ATL,3,37,11.8,.515,.611,.056,6.1,6.2,6.1,4.7,1.3,0.0,5.1,23.0,"",0.0,0.0,0.0,.021,"",0.0,-5.1,-5.1,0.0
482,Derrick White\whitede01,PG,23,SAS,16,120,13.6,.608,.320,.720,4.6,15.7,10.2,9.4,1.7,1.4,15.4,14.5,"",0.2,0.2,0.3,.136,"",-1.4,0.7,-0.7,0.0
483,Okaro White\whiteok01,PF,25,MIA,6,80,9.0,.577,.688,.188,4.3,11.3,7.8,3.6,0.6,1.1,5.5,10.3,"",0.1,0.1,0.2,.097,"",-1.5,-1.2,-2.7,0.0
484,Isaiah Whitehead\whiteis01,PG,22,BRK,16,180,11.6,.530,.209,.221,2.3,13.0,7.6,19.8,2.2,0.8,20.3,28.4,"",-0.3,0.2,-0.1,-0.028,"",-4.2,-1.0,-5.2,-0.1
485,Hassan Whiteside\whiteha01,C,28,MIA,42,1097,24.2,.579,.004,.313,13.9,37.8,25.8,6.4,1.5,5.6,12.5,24.3,"",1.8,2.5,4.2,.186,"",-2.2,2.3,0.1,0.6
486,Andrew Wiggins\wiggian01,SF,22,MIN,64,2312,13.1,.509,.267,.245,3.0,10.3,6.6,7.4,1.5,1.6,8.7,23.4,"",0.5,1.2,1.7,.035,"",-1.1,-1.6,-2.7,-0.4
487,Jacob Wiley\wileyja01,PF,23,BRK,5,33,8.2,.410,.500,.500,6.3,29.1,17.6,8.0,1.5,0.0,0.0,6.4,"",0.0,0.0,0.1,.097,"",-4.0,1.2,-2.7,0.0
488,Damien Wilkins\wilkida02,SF,38,IND,19,152,4.8,.405,.462,.103,3.8,8.0,5.9,7.7,0.7,0.6,10.9,13.4,"",-0.1,0.1,-0.1,-0.022,"",-4.3,-2.3,-6.6,-0.2
489,C.J. Williams\willicj01,SG,27,LAC,29,565,9.8,.540,.418,.092,2.0,6.3,4.2,6.3,2.1,1.9,9.1,13.4,"",0.3,0.5,0.7,.063,"",-1.1,0.3,-0.8,0.2
490,Lou Williams\willilo02,SG,31,LAC,59,1919,21.8,.593,.431,.371,1.7,6.8,4.3,27.7,1.6,0.6,13.1,29.9,"",5.1,1.1,6.2,.155,"",5.1,-2.8,2.3,2.1
491,Marvin Williams\willima02,PF,31,CHO,58,1505,13.6,.614,.539,.210,4.0,16.5,10.1,6.4,1.2,1.4,10.2,14.4,"",2.3,1.5,3.8,.122,"",0.9,0.4,1.3,1.2
492,Matt Williams\willima05,SG,24,MIA,3,11,-0.7,.417,.833,.000,0.0,10.3,5.2,0.0,0.0,0.0,14.3,28.7,"",-0.1,0.0,0.0,-0.198,"",-8.5,-8.5,-17.0,0.0
493,Troy Williams\willitr02,SF,23,TOT,7,50,15.7,.480,.417,.292,6.8,22.4,14.6,2.9,4.0,1.8,10.0,26.3,"",-0.1,0.1,0.0,.030,"",-4.4,-3.0,-7.4,-0.1
494,D.J. Wilson\wilsodj01,PF,21,MIL,20,68,9.4,.638,.357,.143,1.7,13.9,7.8,6.4,1.5,1.3,21.2,12.7,"",0.0,0.1,0.1,.044,"",-3.5,-1.3,-4.8,0.0
495,Jamil Wilson\wilsoja02,SF,27,LAC,15,274,11.5,.634,.778,.049,1.2,11.4,6.4,5.3,0.9,2.5,8.8,14.3,"",0.4,0.2,0.6,.100,"",1.0,-0.9,0.1,0.1
496,Justise Winslow\winslju01,SF,21,MIA,47,1086,10.1,.475,.238,.203,4.4,21.1,12.7,13.2,1.5,1.7,14.8,15.2,"",-0.2,1.5,1.3,.058,"",-3.7,2.0,-1.7,0.1
497,Jeff Withey\witheje01,C,27,DAL,10,39,8.4,.444,.625,.125,2.8,26.8,14.4,0.0,0.0,7.0,10.6,22.1,"",-0.1,0.1,0.0,-0.055,"",-9.1,-3.6,-12.7,-0.1
498,Nate Wolters\woltena01,PG,26,UTA,5,19,-2.9,.167,.000,.000,6.0,6.0,6.0,7.2,0.0,0.0,0.0,14.3,"",-0.1,0.0,-0.1,-0.153,"",-10.2,-2.4,-12.7,-0.1
499,Brandan Wright\wrighbr03,PF,30,TOT,28,381,19.2,.596,.000,.324,10.0,19.0,14.5,5.7,1.7,6.3,6.4,14.8,"",0.8,0.5,1.4,.172,"",-1.2,2.4,1.3,0.3
500,Delon Wright\wrighde01,PG,25,TOR,48,1012,16.3,.580,.338,.275,3.7,11.5,7.7,18.2,2.5,2.0,14.9,17.3,"",1.6,1.5,3.2,.150,"",1.0,1.8,2.8,1.2
501,Guerschon Yabusele\yabusgu01,PF,22,BOS,22,110,11.9,.542,.688,.281,12.1,18.5,15.4,8.1,0.5,0.8,14.3,17.1,"",0.1,0.2,0.3,.116,"",-0.5,-1.1,-1.6,0.0
502,James Young\youngja01,SG,22,PHI,5,52,6.0,.512,.833,.500,0.0,4.1,2.1,5.2,0.0,0.0,0.0,12.1,"",0.1,0.0,0.1,.067,"",-1.8,-4.1,-5.8,-0.1
503,Joe Young\youngjo01,PG,25,IND,44,472,9.9,.541,.362,.168,1.5,10.4,6.0,9.2,1.2,0.2,12.1,17.2,"",0.1,0.3,0.4,.044,"",-2.4,-2.5,-4.9,-0.3
504,Nick Young\youngni01,SG,32,GSW,60,857,11.7,.589,.689,.110,1.9,7.4,4.9,3.5,1.6,0.5,7.2,18.3,"",0.7,0.7,1.4,.078,"",0.8,-3.4,-2.7,-0.1
505,Thaddeus Young\youngth01,PF,29,IND,61,1993,14.9,.537,.226,.095,7.5,13.3,10.5,9.2,2.4,1.2,10.2,17.1,"",2.0,2.2,4.2,.102,"",0.5,1.0,1.4,1.7
506,Cody Zeller\zelleco01,C,25,CHO,30,570,15.5,.579,.021,.552,11.9,19.4,15.6,7.6,1.1,3.1,15.3,16.0,"",0.9,0.7,1.6,.136,"",-1.2,1.6,0.4,0.4
507,Tyler Zeller\zellety01,C,28,TOT,50,828,15.3,.592,.107,.230,10.3,19.4,14.8,6.1,0.5,2.4,12.5,17.2,"",1.2,0.7,1.9,.111,"",-1.8,-0.5,-2.2,0.0
508,Paul Zipser\zipsepa01,SF,23,CHI,49,728,5.2,.450,.453,.089,1.6,16.0,8.5,7.7,1.3,1.4,15.6,15.0,"",-1.0,0.6,-0.5,-0.032,"",-5.6,-0.2,-5.7,-0.7
509,Ante Zizic\zizican01,C,21,CLE,16,48,15.0,.529,.000,.538,14.2,25.2,19.8,3.0,0.0,7.1,15.7,17.6,"",0.0,0.1,0.1,.088,"",-5.5,-0.4,-5.9,0.0
510,Ivica Zubac\zubaciv01,C,20,LAL,21,139,15.1,.631,.000,.354,10.7,17.5,14.1,4.5,0.0,1.2,17.8,20.4,"",0.2,0.1,0.3,.096,"",-3.1,-3.0,-6.1,-0.1
