Rk,Player,Pos,Age,Tm,G,GS,MP,FG,FGA,FG%,3P,3PA,3P%,2P,2PA,2P%,eFG%,FT,FTA,FT%,ORB,DRB,TRB,AST,STL,BLK,TOV,PF,PS/G
1,Alex Abrines\abrinal01,SG,24,OKC,57,8,16.1,1.6,4.1,.381,1.1,3.0,.364,0.5,1.1,.429,.515,0.6,0.7,.872,0.4,1.3,1.7,0.4,0.5,0.1,0.4,1.8,4.9
2,Quincy Acy\acyqu01,PF,27,BRK,55,8,20.4,1.7,5.2,.334,1.3,4.1,.327,0.4,1.1,.361,.463,0.8,1.0,.821,0.7,3.4,4.1,0.8,0.5,0.3,1.0,2.1,5.7
3,Steven Adams\adamsst01,C,24,OKC,58,58,32.7,5.9,9.4,.634,0.0,0.0,.000,5.9,9.3,.637,.634,2.0,3.5,.574,5.2,3.9,9.1,1.0,1.2,1.1,1.6,2.9,13.9
4,Bam Adebayo\adebaba01,C,20,MIA,52,11,20.3,2.6,4.8,.546,0.0,0.1,.000,2.6,4.7,.560,.546,2.0,2.8,.729,1.6,3.8,5.4,1.6,0.5,0.7,0.9,2.0,7.3
5,Arron Afflalo\afflaar01,SG,32,ORL,45,2,12.8,1.2,3.0,.388,0.5,1.3,.386,0.7,1.7,.390,.470,0.4,0.5,.833,0.1,1.3,1.4,0.6,0.0,0.2,0.4,1.1,3.2
6,Cole Aldrich\aldrico01,C,29,MIN,15,0,2.1,0.2,0.7,.300,0.0,0.0,"",0.2,0.7,.300,.300,0.1,0.3,.500,0.2,0.3,0.5,0.1,0.1,0.1,0.1,0.5,0.5
7,LaMarcus Aldridge\aldrila01,C,32,SAS,57,57,33.6,8.8,17.6,.501,0.4,1.4,.325,8.4,16.3,.516,.514,4.4,5.2,.838,3.3,4.9,8.2,2.0,0.5,1.2,1.5,2.2,22.5
8,Jarrett Allen\allenja01,C,19,BRK,53,12,18.7,3.2,5.5,.588,0.1,0.2,.333,3.2,5.3,.596,.593,1.5,1.9,.778,1.9,3.3,5.2,0.7,0.4,0.9,0.9,1.9,7.9
9,Kadeem Allen\allenka01,PG,25,BOS,7,0,3.9,0.1,0.9,.167,0.0,0.4,.000,0.1,0.4,.333,.167,0.4,0.6,.750,0.1,0.3,0.4,0.1,0.1,0.0,0.4,0.3,0.7
10,Tony Allen\allento01,SF,36,NOP,22,0,12.4,2.0,4.1,.484,0.2,0.5,.333,1.8,3.6,.506,.505,0.5,1.0,.524,0.9,1.2,2.1,0.4,0.5,0.1,0.9,2.2,4.7
11,Al-Farouq Aminu\aminual01,PF,27,POR,48,46,30.1,3.4,8.4,.407,1.9,4.8,.396,1.5,3.6,.422,.520,0.8,1.1,.741,1.3,6.1,7.4,1.1,0.9,0.6,1.0,1.8,9.6
12,Justin Anderson\anderju01,SF,24,PHI,26,0,14.0,2.3,5.1,.444,0.8,2.4,.349,1.4,2.7,.529,.526,0.7,1.0,.680,0.7,1.7,2.3,0.6,0.4,0.2,0.3,1.5,6.0
13,Kyle Anderson\anderky01,SF,24,SAS,54,48,27.5,3.2,6.2,.517,0.2,0.7,.297,3.0,5.5,.544,.533,1.5,2.1,.741,1.2,4.6,5.7,2.7,1.4,0.9,1.4,1.5,8.1
14,Ryan Anderson\anderry01,PF,29,HOU,57,50,27.5,3.4,7.8,.433,2.1,5.5,.383,1.3,2.3,.554,.569,1.1,1.5,.783,1.5,3.8,5.3,0.9,0.4,0.3,0.7,1.9,10.0
15,Ike Anigbogu\anigbik01,C,19,IND,10,0,2.8,0.4,0.9,.444,0.0,0.0,"",0.4,0.9,.444,.444,0.5,0.6,.833,0.5,0.4,0.9,0.0,0.1,0.3,0.2,0.1,1.3
16,Giannis Antetokounmpo\antetgi01,PF,23,MIL,57,57,37.1,10.0,18.8,.533,0.5,1.8,.290,9.5,17.1,.558,.547,6.7,8.8,.755,2.1,8.1,10.2,4.9,1.4,1.4,2.9,3.1,27.2
17,Carmelo Anthony\anthoca01,PF,33,OKC,60,60,32.4,6.4,15.6,.409,2.1,6.0,.352,4.3,9.6,.445,.477,2.1,2.7,.770,0.8,5.2,5.9,1.3,0.6,0.6,1.3,2.7,17.0
18,OG Anunoby\anunoog01,SF,20,TOR,60,48,20.5,2.2,4.8,.453,1.0,2.8,.353,1.2,2.0,.592,.556,0.6,0.9,.686,0.6,1.8,2.4,0.8,0.8,0.2,0.6,1.7,5.9
19,Ryan Arcidiacono\arcidry01,PG,23,CHI,13,0,9.2,0.4,0.9,.417,0.2,0.8,.300,0.2,0.2,1.000,.542,0.2,0.2,1.000,0.0,0.5,0.5,1.0,0.4,0.0,0.2,0.8,1.2
20,Trevor Ariza\arizatr01,SF,32,HOU,48,48,34.6,4.1,9.5,.426,2.8,7.0,.391,1.3,2.5,.525,.570,1.1,1.3,.871,0.6,4.1,4.6,1.5,1.5,0.2,0.8,1.9,12.0
21,Darrell Arthur\arthuda01,PF,29,DEN,15,1,8.6,1.3,2.8,.476,0.4,1.3,.316,0.9,1.5,.609,.548,0.1,0.2,.667,0.2,0.8,1.0,0.6,0.5,0.1,1.0,1.3,3.2
22,Jamel Artis\artisja01,SG,25,ORL,5,0,11.0,0.8,3.4,.235,0.0,1.0,.000,0.8,2.4,.333,.235,0.2,0.6,.333,0.2,1.2,1.4,0.8,0.0,0.0,0.0,0.0,1.8
23,Omer Asik\asikom01,C,31,NOP,14,0,8.6,0.5,1.1,.438,0.0,0.0,"",0.5,1.1,.438,.438,0.3,0.9,.333,0.5,2.1,2.6,0.1,0.1,0.1,0.4,1.0,1.3
24,D.J. Augustin\augusdj01,PG,30,ORL,54,15,21.6,2.8,6.4,.431,1.4,3.4,.413,1.4,3.0,.451,.540,2.1,2.4,.862,0.3,1.6,1.9,3.4,0.8,0.0,1.4,1.2,9.0
25,Luke Babbitt\babbilu01,SF,28,TOT,40,9,14.9,2.1,4.4,.469,1.3,3.0,.432,0.8,1.4,.544,.614,0.4,0.6,.773,0.2,2.0,2.2,0.7,0.2,0.1,0.4,1.3,5.8
26,Dwayne Bacon\bacondw01,SG,22,CHO,40,6,12.1,1.1,3.1,.361,0.3,0.8,.303,0.9,2.2,.382,.402,0.3,0.4,.714,0.1,2.3,2.3,0.6,0.2,0.1,0.4,0.9,2.7
27,Ron Baker\bakerro01,SG,24,NYK,29,1,13.3,0.7,2.0,.339,0.4,1.1,.333,0.3,0.9,.346,.432,0.7,0.9,.769,0.2,0.9,1.0,1.6,0.9,0.2,0.6,1.1,2.4
28,Lonzo Ball\balllo01,PG,20,LAL,38,36,33.3,3.9,10.8,.363,1.7,5.4,.319,2.2,5.4,.406,.442,0.7,1.4,.500,1.3,5.8,7.1,7.0,1.5,0.8,2.7,2.1,10.2
29,J.J. Barea\bareajo01,PG,33,DAL,57,5,23.5,4.3,10.0,.431,1.6,4.6,.360,2.6,5.4,.492,.514,1.3,1.7,.781,0.2,2.8,3.0,6.3,0.5,0.1,1.9,1.3,11.6
30,Harrison Barnes\barneha02,PF,25,DAL,60,60,34.4,6.8,15.2,.449,1.4,4.1,.348,5.4,11.2,.486,.496,3.3,3.9,.833,1.1,5.4,6.4,1.9,0.7,0.2,1.5,1.3,18.3
31,Will Barton\bartowi01,SG,27,DEN,60,26,32.6,5.5,12.3,.450,1.9,5.1,.366,3.7,7.3,.508,.525,2.1,2.6,.783,0.8,4.1,4.9,4.1,1.1,0.6,1.8,2.0,15.0
32,Nicolas Batum\batumni01,SG,29,CHO,48,48,31.4,4.4,10.6,.410,1.5,4.7,.326,2.8,6.0,.476,.481,1.6,1.9,.806,0.8,3.6,4.4,5.2,1.1,0.3,2.0,1.2,11.8
33,Jerryd Bayless\bayleje01,SG,29,PHI,39,11,23.7,2.8,6.7,.416,1.4,3.7,.370,1.4,3.0,.474,.519,0.9,1.1,.795,0.4,1.7,2.1,1.4,0.6,0.2,1.2,2.3,7.9
34,Aron Baynes\baynear01,C,31,BOS,62,48,17.9,2.5,5.2,.477,0.0,0.1,.000,2.5,5.0,.490,.477,0.8,1.1,.735,1.4,3.8,5.2,1.0,0.3,0.7,0.9,2.4,5.7
35,Kent Bazemore\bazemke01,SG,28,ATL,61,61,27.8,4.3,10.4,.414,1.6,4.2,.384,2.7,6.2,.435,.492,2.6,3.2,.796,0.4,3.6,4.0,3.6,1.6,0.7,2.4,2.3,12.8
36,Bradley Beal\bealbr01,SG,24,WAS,62,62,36.4,8.6,18.6,.462,2.4,6.5,.373,6.1,12.0,.510,.527,3.8,4.8,.795,0.8,3.7,4.5,4.5,1.2,0.5,2.6,1.9,23.4
37,Malik Beasley\beaslma01,SG,21,DEN,52,0,10.1,1.2,3.1,.400,0.4,1.3,.300,0.8,1.7,.478,.466,0.3,0.5,.654,0.3,1.0,1.3,0.5,0.3,0.1,0.4,0.7,3.2
38,Michael Beasley\beaslmi01,PF,29,NYK,55,14,21.0,5.2,10.5,.495,0.4,1.0,.407,4.8,9.5,.504,.514,1.9,2.4,.786,1.3,4.1,5.4,1.4,0.5,0.6,1.9,1.8,12.6
39,Marco Belinelli\belinma01,SG,31,TOT,57,1,23.6,3.9,9.3,.414,1.8,4.8,.373,2.1,4.6,.458,.509,1.9,2.1,.924,0.2,1.6,1.9,1.9,0.9,0.1,1.1,0.9,11.4
40,Jordan Bell\belljo01,C,23,GSW,40,11,14.2,2.2,3.3,.669,0.0,0.1,.000,2.2,3.3,.685,.669,0.5,0.8,.656,1.2,2.6,3.8,1.8,0.7,1.0,1.0,1.8,5.0
41,DeAndre' Bembry\bembrde01,SF,23,ATL,21,0,17.3,1.9,4.8,.396,0.4,1.1,.333,1.5,3.7,.416,.436,0.7,1.2,.600,0.4,2.3,2.7,1.5,0.6,0.5,1.8,1.5,4.9
42,Dragan Bender\bendedr01,PF,20,PHO,63,18,23.6,2.2,5.6,.389,1.4,3.7,.378,0.8,1.9,.410,.513,0.4,0.5,.735,0.4,3.4,3.9,1.4,0.3,0.6,1.3,2.0,6.2
43,Davis Bertans\bertada01,PF,25,SAS,58,8,15.2,2.2,4.9,.439,1.3,3.4,.371,0.9,1.6,.589,.566,0.5,0.7,.795,0.3,1.9,2.2,1.0,0.3,0.4,0.5,1.3,6.1
44,Patrick Beverley\beverpa01,SG,29,LAC,11,11,30.4,4.4,10.8,.403,2.2,5.5,.400,2.2,5.4,.407,.504,1.3,1.5,.824,1.5,2.6,4.1,2.9,1.7,0.5,2.3,3.1,12.2
45,Khem Birch\birchkh01,C,25,ORL,24,0,11.4,1.3,2.4,.526,0.0,0.0,"",1.3,2.4,.526,.526,0.7,1.2,.607,1.5,2.0,3.5,0.7,0.4,0.4,0.5,1.2,3.2
46,Jabari Bird\birdja01,SG,23,BOS,4,0,5.5,0.3,1.0,.250,0.0,0.5,.000,0.3,0.5,.500,.250,0.8,1.3,.600,0.0,0.5,0.5,0.3,0.3,0.0,0.0,0.5,1.3
47,Bismack Biyombo\biyombi01,C,25,ORL,61,23,19.2,2.2,4.2,.527,0.0,0.0,.000,2.2,4.2,.529,.527,1.4,2.1,.656,1.8,4.1,5.9,0.7,0.3,1.3,1.0,2.1,5.8
48,Nemanja Bjelica\bjeline01,PF,29,MIN,49,6,16.5,2.2,4.6,.482,1.0,2.3,.430,1.2,2.2,.536,.592,0.5,0.6,.828,0.6,2.7,3.3,1.1,0.6,0.1,0.6,1.8,5.9
49,Tarik Black\blackta01,C,26,HOU,39,1,10.2,1.5,2.6,.583,0.0,0.2,.000,1.5,2.4,.632,.583,0.5,1.2,.457,1.2,1.7,2.9,0.2,0.4,0.6,0.8,2.2,3.6
50,Antonio Blakeney\blakean01,SG,21,CHI,12,0,14.2,2.5,6.8,.366,0.8,2.5,.300,1.8,4.3,.404,.421,1.3,1.8,.762,0.3,1.4,1.7,0.6,0.2,0.0,0.7,0.7,7.1
51,Eric Bledsoe\bledser01,PG,28,TOT,53,53,31.1,6.1,13.4,.456,1.6,4.9,.333,4.5,8.5,.528,.518,3.4,4.3,.791,0.7,3.1,3.7,4.5,2.0,0.5,2.9,2.4,17.3
52,Vander Blue\blueva01,SG,25,LAL,5,0,9.0,0.2,1.0,.200,0.0,0.4,.000,0.2,0.6,.333,.200,0.2,0.4,.500,0.0,0.2,0.2,0.6,0.2,0.0,0.6,0.4,0.6
53,Bogdan Bogdanovic\bogdabo01,SG,25,SAC,58,33,27.5,4.3,9.5,.459,1.6,4.0,.399,2.7,5.4,.503,.544,1.3,1.5,.849,0.4,2.3,2.7,3.3,1.0,0.3,1.7,2.2,11.6
54,Bojan Bogdanovic\bogdabo02,SF,28,IND,60,60,30.8,5.0,10.6,.474,1.9,4.9,.389,3.1,5.7,.547,.564,2.0,2.4,.853,0.4,3.0,3.3,1.4,0.7,0.1,1.3,1.6,13.9
55,Andrew Bogut\bogutan01,C,33,LAL,24,5,9.0,0.7,1.0,.680,0.0,0.0,"",0.7,1.0,.680,.680,0.1,0.1,1.000,1.1,2.2,3.3,0.6,0.2,0.5,0.8,1.7,1.5
56,Joel Bolomboy\bolomjo01,PF,24,MIL,6,0,6.3,0.5,1.0,.500,0.0,0.2,.000,0.5,0.8,.600,.500,0.5,1.0,.500,1.0,0.7,1.7,0.0,0.3,0.0,0.3,0.5,1.5
57,Devin Booker\bookede01,SG,21,PHO,48,48,34.5,8.3,19.4,.429,2.7,7.1,.376,5.6,12.2,.460,.498,5.6,6.4,.885,0.5,4.1,4.6,4.8,0.9,0.3,3.5,3.1,24.9
58,Trevor Booker\booketr01,PF,30,TOT,51,5,17.4,2.7,5.1,.533,0.1,0.4,.263,2.6,4.7,.554,.542,1.1,1.6,.683,1.7,3.1,4.7,1.3,0.5,0.3,1.0,1.8,6.6
59,Avery Bradley\bradlav01,SG,27,TOT,46,46,31.2,5.6,13.6,.414,1.6,4.4,.369,4.0,9.2,.436,.474,1.4,1.8,.768,0.5,2.0,2.5,2.0,1.1,0.2,2.2,2.0,14.3
60,Tony Bradley\bradlto01,C,20,UTA,8,0,3.5,0.4,1.4,.273,0.0,0.1,.000,0.4,1.3,.300,.273,0.3,0.3,1.000,0.5,0.9,1.4,0.1,0.0,0.0,0.0,0.1,1.0
61,Corey Brewer\breweco01,SF,31,LAL,54,2,12.9,1.4,3.2,.453,0.1,0.8,.186,1.3,2.4,.543,.477,0.6,0.9,.667,0.4,1.3,1.7,0.8,0.8,0.1,0.7,1.5,3.7
62,Malcolm Brogdon\brogdma01,PG,25,MIL,46,20,30.5,5.2,10.6,.487,1.3,3.4,.378,3.9,7.2,.538,.547,1.6,1.8,.882,0.5,2.8,3.3,3.2,0.9,0.3,1.4,2.8,13.3
63,Aaron Brooks\brookaa01,PG,33,MIN,29,1,5.5,0.8,1.8,.431,0.2,0.7,.333,0.5,1.0,.500,.500,0.1,0.2,.667,0.2,0.3,0.4,0.6,0.2,0.0,0.3,0.7,1.9
64,Dillon Brooks\brookdi01,SF,22,MEM,60,52,28.2,3.5,7.9,.440,1.0,2.7,.362,2.5,5.2,.481,.502,1.0,1.4,.738,0.5,2.6,3.1,1.4,0.9,0.2,1.3,3.2,9.0
65,Bobby Brown\brownbo02,PG,33,HOU,20,0,5.8,1.0,2.9,.328,0.6,2.0,.275,0.4,0.9,.444,.422,0.1,0.1,.500,0.0,0.4,0.4,0.6,0.2,0.0,0.5,0.3,2.5
66,Jaylen Brown\brownja02,SF,21,BOS,58,58,31.2,5.2,11.4,.456,1.7,4.5,.373,3.5,6.9,.511,.530,2.0,3.2,.617,1.0,4.3,5.3,1.6,1.0,0.4,1.6,2.7,14.1
67,Lorenzo Brown\brownlo01,PG,27,TOR,12,0,7.9,0.6,1.8,.333,0.0,0.6,.000,0.6,1.2,.500,.333,0.0,0.0,"",0.0,0.8,0.8,1.0,0.3,0.0,0.1,0.4,1.2
68,Markel Brown\brownma02,SG,26,HOU,4,0,7.8,0.5,1.8,.286,0.3,1.3,.200,0.3,0.5,.500,.357,0.0,0.0,"",0.3,1.0,1.3,0.5,0.0,0.0,0.5,1.5,1.3
69,Sterling Brown\brownst02,SG,22,MIL,36,3,15.3,1.6,4.0,.403,0.6,1.7,.371,1.0,2.3,.427,.483,0.4,0.4,.875,0.5,2.4,2.9,0.4,0.8,0.3,0.5,1.5,4.3
70,Nicolas Brussino\brussni01,SF,24,ATL,4,0,2.5,0.0,0.5,.000,0.0,0.5,.000,0.0,0.0,"",.000,0.0,0.0,"",0.0,0.8,0.8,0.0,0.0,0.0,0.0,0.0,0.0
71,Thomas Bryant\bryanth01,C,20,LAL,8,0,3.6,0.4,1.1,.333,0.1,0.6,.200,0.3,0.5,.500,.389,0.5,0.8,.667,0.1,0.6,0.8,0.3,0.0,0.0,0.0,0.0,1.4
72,Reggie Bullock\bullore01,SF,26,DET,46,36,26.4,3.8,7.7,.497,1.8,4.1,.439,2.0,3.6,.563,.614,0.5,0.7,.735,0.3,1.9,2.3,1.3,0.8,0.2,0.7,1.2,10.0
73,Trey Burke\burketr01,PG,25,NYK,16,0,15.6,4.4,8.1,.538,0.8,2.0,.375,3.6,6.1,.592,.585,0.9,1.3,.700,0.3,1.1,1.3,3.5,0.4,0.1,0.7,0.8,10.4
74,Alec Burks\burksal01,SG,26,UTA,55,1,17.7,2.9,7.1,.411,0.8,2.3,.326,2.1,4.7,.454,.465,1.9,2.1,.864,0.3,2.9,3.2,1.1,0.6,0.1,0.9,1.3,8.4
75,Jimmy Butler\butleji01,SG,28,MIN,56,56,37.1,7.4,15.8,.473,1.2,3.5,.356,6.2,12.3,.506,.512,6.1,7.0,.865,1.3,4.1,5.4,5.0,1.9,0.4,1.8,1.3,22.2
76,Dwight Buycks\buyckdw01,PG,28,DET,20,0,14.8,3.0,6.9,.435,0.6,1.5,.367,2.5,5.4,.454,.475,1.4,1.6,.903,0.5,1.1,1.6,2.3,0.7,0.1,1.3,1.4,8.0
77,Bruno Caboclo\cabocbr01,SF,22,TOT,3,0,8.7,0.7,3.0,.222,0.0,1.7,.000,0.7,1.3,.500,.222,0.0,0.0,"",0.7,0.7,1.3,0.7,0.7,0.0,0.3,1.3,1.3
78,Jose Calderon\caldejo01,PG,36,CLE,41,25,15.0,1.3,2.7,.500,0.7,1.5,.450,0.7,1.2,.560,.623,0.3,0.4,.778,0.2,1.1,1.3,1.9,0.5,0.0,0.6,1.4,3.7
79,Kentavious Caldwell-Pope\caldwke01,SG,24,LAL,52,52,32.7,4.7,11.0,.424,2.1,5.6,.376,2.6,5.4,.473,.519,2.0,2.6,.752,0.8,4.3,5.2,2.2,1.6,0.2,1.3,1.9,13.4
80,Isaiah Canaan\canaais01,PG-SG,26,TOT,20,1,21.1,2.6,6.9,.380,1.1,3.3,.333,1.5,3.6,.423,.460,2.3,2.6,.902,0.3,2.0,2.3,3.8,0.8,0.1,1.5,1.8,8.6
81,Clint Capela\capelca01,C,23,HOU,55,55,27.4,6.2,9.4,.657,0.0,0.0,.000,6.2,9.4,.658,.657,2.2,3.7,.598,3.3,7.7,11.1,1.0,0.8,1.8,1.5,2.6,14.6
82,DeMarre Carroll\carrode01,SF,31,BRK,57,57,29.8,4.4,10.9,.407,1.9,5.2,.362,2.5,5.6,.449,.494,2.5,3.3,.771,1.6,4.9,6.6,2.1,0.8,0.4,1.4,2.2,13.3
83,Vince Carter\cartevi01,SF,41,SAC,41,4,17.2,2.0,4.7,.412,1.0,2.7,.369,1.0,2.0,.470,.518,0.4,0.6,.708,0.2,2.0,2.3,1.3,0.9,0.5,0.6,1.7,5.3
84,Michael Carter-Williams\cartemi01,PG,26,CHO,50,2,16.0,1.5,4.4,.344,0.3,1.2,.237,1.2,3.2,.384,.376,1.4,1.7,.831,0.7,1.9,2.6,2.3,0.8,0.5,1.0,2.0,4.7
85,Alex Caruso\carusal01,PG,23,LAL,24,0,12.9,1.0,2.5,.417,0.2,0.8,.250,0.8,1.7,.500,.458,0.3,0.5,.583,0.3,1.0,1.3,1.9,0.5,0.3,0.9,1.3,2.6
86,Omri Casspi\casspom01,SF,29,GSW,47,7,14.5,2.3,4.1,.565,0.2,0.4,.476,2.1,3.6,.576,.592,1.0,1.3,.770,0.6,3.4,4.0,1.0,0.4,0.4,0.7,1.4,5.8
87,Willie Cauley-Stein\caulewi01,C,24,SAC,56,43,27.5,5.2,10.5,.497,0.0,0.2,.182,5.2,10.3,.503,.498,2.1,3.4,.608,1.8,5.1,6.9,2.1,1.1,0.9,1.5,2.4,12.6
88,Tyler Cavanaugh\cavanty01,PF,23,ATL,30,1,13.8,1.8,3.9,.474,0.9,2.4,.366,1.0,1.5,.644,.586,0.4,0.6,.765,1.1,2.2,3.3,0.8,0.3,0.1,0.4,1.7,5.0
89,Mario Chalmers\chalmma01,PG,31,MEM,54,7,22.2,2.6,6.9,.369,0.8,2.9,.266,1.8,4.1,.441,.424,1.8,2.1,.843,0.2,2.3,2.5,3.1,1.2,0.2,1.8,2.9,7.7
90,Tyson Chandler\chandty01,C,35,PHO,42,42,25.4,2.6,4.1,.624,0.0,0.0,"",2.6,4.1,.624,.624,1.3,2.1,.618,3.1,6.5,9.5,1.1,0.3,0.6,1.3,2.4,6.5
91,Wilson Chandler\chandwi01,SF,30,DEN,55,52,30.8,3.7,8.5,.432,1.1,3.2,.330,2.6,5.3,.495,.495,1.3,1.6,.816,1.4,3.8,5.3,2.1,0.5,0.5,1.3,2.1,9.7
92,Marquese Chriss\chrisma01,PF,20,PHO,55,41,20.5,2.4,6.0,.396,0.8,2.6,.292,1.6,3.4,.476,.459,1.1,1.9,.577,0.9,4.1,5.0,1.2,0.7,0.9,1.4,3.0,6.6
93,Ian Clark\clarkia01,SG,26,NOP,55,1,17.9,2.5,5.7,.431,0.8,2.6,.303,1.7,3.1,.538,.500,0.5,0.7,.692,0.2,1.5,1.7,1.3,0.4,0.1,0.7,1.5,6.2
94,Jordan Clarkson\clarkjo01,SG,25,TOT,59,2,23.5,5.6,12.4,.455,1.3,4.0,.333,4.3,8.4,.513,.509,1.9,2.4,.782,0.8,2.2,3.0,3.1,0.7,0.1,1.8,1.2,14.5
95,Gian Clavell\clavegi01,SG,24,DAL,7,0,9.1,0.9,2.6,.333,0.9,2.1,.400,0.0,0.4,.000,.500,0.3,0.3,1.000,0.1,0.9,1.0,0.4,0.3,0.0,0.3,1.1,2.9
96,Antonius Cleveland\clevean01,SG,23,DAL,13,0,6.2,0.3,1.1,.286,0.0,0.1,.000,0.3,1.0,.308,.286,0.2,0.3,.500,0.2,0.6,0.8,0.2,0.5,0.3,0.2,0.8,0.8
97,John Collins\collijo01,PF,20,ATL,56,8,22.6,4.1,7.1,.581,0.1,0.3,.316,4.0,6.8,.595,.589,1.8,2.5,.732,2.7,4.4,7.1,1.0,0.6,1.2,1.3,3.0,10.2
98,Zach Collins\colliza01,C,20,POR,45,1,15.1,1.6,4.1,.395,0.5,1.5,.328,1.1,2.6,.432,.454,0.4,0.6,.571,0.7,2.7,3.4,0.8,0.3,0.5,0.8,2.1,4.1
99,Kyle Collinsworth\colliky01,SF,26,DAL,17,0,11.9,1.1,2.2,.486,0.1,0.4,.333,0.9,1.8,.516,.514,0.4,1.0,.353,0.5,1.8,2.4,1.1,0.5,0.1,0.6,1.2,2.6
100,Darren Collison\collida01,PG,30,IND,52,52,30.3,4.7,9.5,.495,1.3,3.1,.432,3.4,6.4,.526,.566,2.0,2.2,.897,0.6,2.1,2.7,5.3,1.4,0.3,1.3,1.9,12.8
101,Nick Collison\collini01,PF,37,OKC,10,0,5.8,0.8,1.1,.727,0.0,0.0,"",0.8,1.1,.727,.727,0.3,0.6,.500,0.5,1.1,1.6,0.4,0.0,0.0,0.5,0.5,1.9
102,Mike Conley\conlemi01,PG,30,MEM,12,12,31.1,5.3,14.0,.381,2.0,6.4,.312,3.3,7.6,.440,.452,4.4,5.5,.803,0.0,2.3,2.3,4.1,1.0,0.3,1.5,2.0,17.1
103,Pat Connaughton\connapa01,SG,25,POR,61,5,18.9,2.2,5.1,.441,1.0,2.7,.366,1.3,2.4,.524,.537,0.6,0.7,.854,0.3,1.6,2.0,1.2,0.2,0.2,0.5,1.5,6.0
104,Quinn Cook\cookqu01,PG,24,GSW,13,2,9.5,1.2,2.8,.432,0.6,1.4,.444,0.6,1.5,.421,.541,0.1,0.1,1.000,0.2,0.8,1.1,1.3,0.0,0.0,0.3,0.8,3.2
105,Charles Cooke\cookech01,SG,23,NOP,9,0,2.7,0.2,1.1,.200,0.1,0.7,.167,0.1,0.4,.250,.250,0.1,0.2,.500,0.0,0.1,0.1,0.1,0.1,0.0,0.1,0.0,0.7
106,Jack Cooley\cooleja01,PF,26,SAC,1,0,2.0,0.0,1.0,.000,0.0,0.0,"",0.0,1.0,.000,.000,2.0,2.0,1.000,0.0,1.0,1.0,1.0,0.0,0.0,0.0,0.0,2.0
107,Matt Costello\costema01,C,24,SAS,3,0,6.0,0.3,1.0,.333,0.0,0.0,"",0.3,1.0,.333,.333,0.0,0.0,"",0.3,2.0,2.3,0.0,0.0,0.7,0.3,1.7,0.7
108,DeMarcus Cousins\couside01,C,27,NOP,48,48,36.2,8.5,18.0,.470,2.2,6.1,.354,6.3,11.9,.530,.530,6.1,8.2,.746,2.2,10.7,12.9,5.4,1.6,1.6,5.0,3.8,25.2
109,Robert Covington\covinro01,PF,27,PHI,57,57,32.2,4.2,10.6,.400,2.5,6.9,.365,1.7,3.6,.466,.520,1.5,1.8,.853,0.7,4.7,5.5,1.9,1.6,0.7,1.8,3.0,12.5
110,Allen Crabbe\crabbal01,SG,25,BRK,58,51,29.4,4.3,10.9,.397,2.5,6.9,.361,1.8,4.0,.459,.511,1.5,1.7,.842,0.4,4.0,4.3,1.6,0.6,0.4,1.2,2.3,12.7
111,Torrey Craig\craigto01,SF,27,DEN,26,4,16.1,1.6,3.5,.451,0.4,1.5,.263,1.2,2.0,.585,.505,0.7,1.1,.655,1.0,2.0,3.0,0.7,0.3,0.2,0.4,1.6,4.3
112,Jamal Crawford\crawfja01,SG,37,MIN,62,0,19.3,3.8,9.0,.420,1.4,3.9,.351,2.4,5.1,.472,.495,1.3,1.5,.891,0.2,1.0,1.1,2.3,0.5,0.1,1.1,1.1,10.2
113,Jordan Crawford\crawfjo02,SG,29,NOP,2,0,18.5,3.5,7.0,.500,2.0,2.5,.800,1.5,4.5,.333,.643,0.0,0.0,"",1.0,0.5,1.5,4.5,0.0,0.5,2.0,3.0,9.0
114,Jae Crowder\crowdja01,SF,27,TOT,59,47,25.7,3.1,7.6,.411,1.2,3.7,.321,1.9,3.8,.498,.490,1.6,1.9,.830,0.7,2.6,3.4,1.2,0.8,0.2,0.9,2.3,9.0
115,Dante Cunningham\cunnida01,SF,30,TOT,57,24,21.9,2.1,4.6,.449,0.7,2.1,.344,1.3,2.5,.539,.529,0.4,0.7,.537,1.0,3.0,4.0,0.6,0.6,0.4,0.4,1.5,5.3
116,Stephen Curry\curryst01,PG,29,GSW,47,47,32.9,8.5,17.2,.491,4.2,10.0,.422,4.2,7.2,.589,.614,5.5,6.0,.918,0.7,4.5,5.3,6.4,1.6,0.1,3.2,2.4,26.7
117,Troy Daniels\danietr01,SG,26,PHO,63,4,19.6,2.7,6.8,.405,2.2,5.5,.399,0.6,1.3,.432,.567,0.8,0.8,.906,0.1,1.2,1.3,0.6,0.3,0.1,0.6,1.8,8.4
118,Anthony Davis\davisan02,PF,24,NOP,55,55,36.7,10.3,19.2,.536,0.7,2.2,.345,9.5,17.0,.561,.556,6.8,8.3,.824,2.7,8.5,11.1,2.4,1.4,2.2,2.1,2.1,28.1
119,Deyonta Davis\davisde01,C,21,MEM,42,2,13.2,2.5,3.8,.648,0.0,0.0,"",2.5,3.8,.648,.648,0.6,0.9,.703,1.1,2.5,3.6,0.5,0.2,0.7,0.5,1.8,5.5
120,Ed Davis\davised01,C,28,POR,61,0,18.8,2.3,3.9,.582,0.0,0.0,"",2.3,3.9,.582,.582,1.0,1.6,.663,2.4,4.9,7.3,0.5,0.5,0.7,0.8,2.5,5.6
121,Dewayne Dedmon\dedmode01,C,28,ATL,43,27,23.4,4.1,7.3,.557,0.8,2.0,.402,3.3,5.3,.617,.613,1.0,1.3,.768,1.7,5.7,7.4,1.4,0.5,0.7,1.4,2.8,10.0
122,Sam Dekker\dekkesa01,PF,23,LAC,55,1,13.2,1.8,3.8,.460,0.2,1.1,.155,1.6,2.8,.575,.481,0.5,0.8,.682,0.6,1.9,2.5,0.6,0.4,0.1,0.5,1.0,4.2
123,Malcolm Delaney\delanma01,PG,28,ATL,52,3,18.9,2.0,5.3,.380,0.8,2.3,.356,1.2,3.0,.397,.456,1.3,1.7,.805,0.2,1.7,1.9,3.0,0.6,0.1,1.3,1.5,6.2
124,Matthew Dellavedova\dellama01,PG,27,MIL,37,3,19.0,1.5,4.0,.369,0.8,2.1,.377,0.7,1.9,.361,.466,0.6,0.7,.920,0.4,1.4,1.7,3.8,0.4,0.0,1.3,1.8,4.4
125,Luol Deng\denglu01,SF,32,LAL,1,1,13.0,1.0,2.0,.500,0.0,0.0,"",1.0,2.0,.500,.500,0.0,0.0,"",0.0,0.0,0.0,1.0,1.0,0.0,1.0,0.0,2.0
126,DeMar DeRozan\derozde01,SG,28,TOR,60,60,34.0,8.3,18.0,.462,1.1,3.5,.324,7.2,14.5,.495,.494,6.0,7.2,.829,0.8,3.2,3.9,5.2,1.2,0.3,2.2,1.8,23.8
127,Cheick Diallo\diallch01,PF,21,NOP,33,0,8.8,1.5,2.8,.538,0.0,0.0,"",1.5,2.8,.538,.538,0.7,0.9,.767,0.6,2.3,2.9,0.3,0.2,0.3,0.3,1.2,3.7
128,Gorgui Dieng\dienggo01,C,28,MIN,61,0,17.6,2.5,5.1,.487,0.2,0.8,.277,2.3,4.3,.525,.508,1.1,1.4,.773,1.3,3.3,4.6,1.0,0.7,0.5,0.8,1.9,6.3
129,Spencer Dinwiddie\dinwisp01,PG,24,BRK,61,51,29.1,4.3,11.1,.389,1.9,5.7,.333,2.4,5.4,.448,.475,2.8,3.4,.822,0.5,2.8,3.3,6.9,0.8,0.3,1.6,2.4,13.4
130,Tyler Dorsey\dorsety01,SG,21,ATL,36,1,13.4,1.7,4.8,.353,0.9,2.7,.340,0.8,2.1,.368,.448,0.6,0.9,.676,0.3,1.7,1.9,1.1,0.3,0.1,0.4,0.6,4.9
131,Damyean Dotson\dotsoda01,SG,23,NYK,29,2,8.5,1.1,2.7,.416,0.3,1.1,.273,0.8,1.5,.523,.474,0.2,0.3,.778,0.2,1.2,1.4,0.6,0.2,0.0,0.3,0.6,2.8
132,Milton Doyle\doylemi01,SG,24,BRK,6,0,10.5,1.2,4.2,.280,0.3,2.2,.154,0.8,2.0,.417,.320,0.3,0.5,.667,0.3,1.2,1.5,0.7,0.3,0.2,0.3,0.5,3.0
133,PJ Dozier\doziepj01,PG,21,OKC,2,0,1.5,0.5,1.0,.500,0.0,0.0,"",0.5,1.0,.500,.500,0.0,0.0,"",0.0,0.5,0.5,0.0,0.0,0.0,0.5,0.5,1.0
134,Goran Dragic\dragigo01,PG,31,MIA,56,56,31.8,6.5,14.8,.442,1.5,4.2,.368,5.0,10.6,.471,.494,2.9,3.8,.769,0.8,3.4,4.1,4.9,0.8,0.2,2.2,2.4,17.5
135,Larry Drew\drewla02,PG,27,PHI,3,0,5.0,0.3,2.3,.143,0.0,1.0,.000,0.3,1.3,.250,.143,0.0,0.0,"",0.3,0.0,0.3,0.7,0.0,0.0,0.3,0.7,0.7
136,Andre Drummond\drumman01,C,24,DET,59,59,33.3,6.0,11.3,.535,0.0,0.1,.000,6.0,11.2,.540,.535,3.1,4.9,.626,5.2,10.6,15.8,3.4,1.6,1.6,2.6,3.2,15.1
137,Jared Dudley\dudleja01,PF,32,PHO,35,0,13.5,0.8,2.3,.363,0.5,1.5,.333,0.3,0.7,.423,.475,0.5,0.6,.818,0.2,1.4,1.6,1.7,0.5,0.1,0.5,1.6,2.7
138,Kris Dunn\dunnkr01,PG,23,CHI,45,36,29.4,5.6,13.2,.424,0.8,2.5,.310,4.8,10.6,.451,.454,1.5,2.1,.710,0.5,4.0,4.5,6.0,2.0,0.6,3.0,3.3,13.4
139,Kevin Durant\duranke01,PF,29,GSW,54,54,34.4,9.2,17.5,.524,2.6,6.0,.430,6.6,11.6,.572,.597,5.1,5.7,.887,0.5,6.3,6.7,5.4,0.8,1.9,3.0,2.0,26.0
140,Jarell Eddie\eddieja01,SF,26,BOS,2,0,3.0,0.0,0.5,.000,0.0,0.5,.000,0.0,0.0,"",.000,0.0,0.0,"",0.0,0.5,0.5,0.0,0.5,0.0,0.0,0.0,0.0
141,Henry Ellenson\ellenhe01,PF,21,DET,25,0,6.4,1.0,3.0,.347,0.4,1.2,.310,0.7,1.8,.370,.407,0.1,0.2,.500,0.2,1.5,1.8,0.4,0.1,0.0,0.4,0.5,2.6
142,Wayne Ellington\ellinwa01,SG,30,MIA,60,2,26.4,3.6,9.0,.403,2.9,7.5,.386,0.7,1.5,.489,.564,0.9,1.0,.855,0.3,2.7,3.0,1.1,0.6,0.1,0.7,1.1,11.0
143,Joel Embiid\embiijo01,C,23,PHI,48,48,31.3,8.4,17.1,.493,1.1,3.4,.317,7.4,13.7,.536,.524,6.0,7.6,.779,2.2,8.9,11.1,3.2,0.7,1.8,3.9,3.4,23.9
144,James Ennis\ennisja01,SF,27,TOT,52,15,22.8,2.5,5.1,.481,0.7,1.9,.350,1.8,3.2,.560,.547,1.5,1.8,.857,1.2,2.3,3.4,1.0,0.7,0.3,0.8,1.8,7.1
145,Tyler Ennis\ennisty01,PG,23,LAL,36,11,10.6,1.3,3.5,.368,0.2,0.9,.182,1.1,2.6,.435,.392,0.4,0.5,.722,0.3,1.2,1.4,1.6,0.4,0.1,0.5,1.4,3.1
146,Jawun Evans\evansja01,PG,21,LAC,38,4,18.4,2.2,6.3,.343,0.3,1.3,.265,1.8,5.0,.363,.370,1.0,1.2,.787,0.2,1.8,2.0,2.4,0.9,0.2,1.1,2.2,5.6
147,Tyreke Evans\evansty01,PG,28,MEM,49,29,31.0,7.0,15.5,.453,2.2,5.5,.396,4.9,10.1,.485,.523,3.1,3.9,.797,0.9,4.2,5.1,5.1,1.1,0.3,2.1,1.8,19.4
148,Kenneth Faried\farieke01,PF,28,DEN,32,7,14.4,2.4,4.6,.514,0.0,0.0,.000,2.4,4.6,.517,.514,1.1,1.6,.706,2.1,2.7,4.8,0.6,0.4,0.4,0.7,1.6,5.9
149,Derrick Favors\favorde01,C,26,UTA,58,58,28.2,5.1,9.2,.550,0.1,0.6,.200,4.9,8.6,.574,.556,2.0,2.9,.689,2.5,4.8,7.4,1.3,0.8,0.9,1.2,2.2,12.2
150,Kay Felder\feldeka01,PG,22,TOT,15,0,9.1,1.3,4.5,.294,0.3,1.3,.211,1.1,3.3,.327,.324,0.7,0.8,.917,0.1,0.9,1.0,1.3,0.2,0.1,1.1,0.7,3.7
151,Cristiano Felicio\feliccr01,C,25,CHI,35,4,14.1,1.8,3.0,.606,0.0,0.0,"",1.8,3.0,.606,.606,0.7,1.1,.615,1.1,1.8,2.8,0.8,0.1,0.3,0.7,1.8,4.3
152,Raymond Felton\feltora01,PG,33,OKC,63,2,17.2,2.8,6.8,.414,1.0,2.7,.365,1.8,4.1,.446,.486,0.5,0.7,.805,0.4,1.7,2.1,2.7,0.6,0.1,1.0,1.1,7.2
153,Terrance Ferguson\fergute01,SG,19,OKC,47,12,12.3,1.1,2.8,.402,0.6,1.9,.300,0.6,0.9,.619,.504,0.1,0.1,.833,0.4,0.4,0.8,0.3,0.4,0.1,0.2,1.5,2.9
154,Yogi Ferrell\ferreyo01,SG,24,DAL,62,17,29.0,3.7,8.6,.431,1.7,4.3,.389,2.0,4.3,.472,.527,1.1,1.4,.812,0.4,2.9,3.3,2.2,0.8,0.1,1.0,2.1,10.2
155,Dorian Finney-Smith\finnedo01,PF,24,DAL,8,1,11.8,1.3,2.8,.455,0.6,1.8,.357,0.6,1.0,.625,.568,0.1,0.3,.500,0.6,0.6,1.3,0.6,0.0,0.1,0.9,1.6,3.3
156,Bryn Forbes\forbebr01,SG,24,SAS,62,12,20.2,2.8,6.8,.414,1.2,3.3,.376,1.6,3.6,.448,.504,0.5,0.9,.607,0.2,1.3,1.5,1.0,0.4,0.0,0.5,1.5,7.4
157,Evan Fournier\fournev01,SF,25,ORL,53,53,32.4,6.5,14.2,.461,2.3,5.8,.387,4.3,8.3,.514,.541,2.7,3.1,.877,0.4,2.8,3.2,2.9,0.8,0.3,1.8,2.4,18.0
158,De'Aaron Fox\foxde01,PG,20,SAC,53,40,27.4,4.3,10.6,.409,0.7,2.0,.340,3.7,8.6,.425,.441,2.0,2.7,.736,0.5,2.2,2.6,4.4,1.0,0.2,2.4,2.2,11.4
159,Tim Frazier\fraziti01,PG,27,WAS,48,11,15.0,1.3,3.1,.409,0.3,1.0,.319,1.0,2.1,.451,.460,0.5,0.6,.786,0.4,1.7,2.0,3.5,0.8,0.1,1.1,1.7,3.3
160,Channing Frye\fryech01,C,34,TOT,45,1,12.4,1.9,3.8,.500,0.7,2.0,.341,1.2,1.8,.684,.591,0.3,0.3,.933,0.2,2.2,2.5,0.6,0.4,0.3,0.4,1.2,4.8
161,Markelle Fultz\fultzma01,SG,19,PHI,4,0,19.0,2.3,6.8,.333,0.0,0.0,"",2.3,6.8,.333,.333,1.5,3.0,.500,0.8,1.5,2.3,1.8,0.5,0.3,1.5,1.5,6.0
162,Danilo Gallinari\gallida01,SF,29,LAC,19,19,32.4,5.2,12.7,.407,1.8,5.6,.321,3.4,7.1,.474,.477,3.8,4.1,.948,0.4,4.5,4.9,2.1,0.6,0.3,1.2,1.4,15.9
163,Langston Galloway\gallola01,SG,26,DET,49,2,14.8,2.2,5.8,.383,1.3,3.8,.353,0.9,1.9,.442,.500,0.6,0.7,.794,0.2,1.3,1.6,1.1,0.5,0.1,0.3,0.8,6.3
164,Marc Gasol\gasolma01,C,33,MEM,58,58,33.9,6.1,14.7,.413,1.4,4.3,.325,4.7,10.4,.450,.461,4.2,4.9,.843,1.1,7.3,8.5,4.0,0.7,1.5,2.8,2.5,17.7
165,Pau Gasol\gasolpa01,C,37,SAS,58,55,24.9,3.9,8.5,.464,0.7,1.7,.398,3.3,6.8,.480,.503,2.1,2.8,.770,1.6,6.8,8.4,3.3,0.3,1.0,1.5,1.5,10.7
166,Rudy Gay\gayru01,PF,31,SAS,37,5,22.4,4.3,9.1,.470,0.7,2.1,.329,3.6,7.0,.512,.507,2.1,2.7,.778,1.3,3.8,5.1,1.6,0.8,0.7,1.5,1.9,11.3
167,Paul George\georgpa01,SF,27,OKC,60,60,36.6,7.5,17.0,.443,3.3,7.7,.421,4.3,9.3,.460,.538,4.1,5.0,.811,1.0,4.6,5.6,3.3,2.2,0.5,2.7,2.9,22.4
168,Marcus Georges-Hunt\georgma01,SG,23,MIN,36,0,5.5,0.5,1.2,.405,0.1,0.4,.214,0.4,0.8,.500,.440,0.2,0.4,.500,0.2,0.2,0.4,0.2,0.1,0.0,0.1,0.8,1.3
169,Taj Gibson\gibsota01,PF,32,MIN,64,64,33.5,5.3,9.1,.580,0.1,0.5,.226,5.2,8.6,.600,.586,1.8,2.3,.772,2.5,4.8,7.2,1.3,0.8,0.8,1.1,2.6,12.5
170,Manu Ginobili\ginobma01,SG,40,SAS,47,0,20.5,3.4,7.6,.443,1.1,3.2,.333,2.3,4.4,.522,.513,1.6,1.9,.851,0.3,1.8,2.1,2.5,0.6,0.3,1.7,2.0,9.4
171,Rudy Gobert\goberru01,C,25,UTA,35,35,31.3,4.6,7.7,.596,0.0,0.0,"",4.6,7.7,.596,.596,3.5,5.1,.678,2.6,7.3,10.0,1.4,0.7,2.3,1.8,2.7,12.7
172,Aaron Gordon\gordoaa01,PF,22,ORL,43,42,33.6,6.6,14.9,.443,2.0,5.9,.345,4.6,9.0,.506,.511,2.9,4.0,.707,1.7,6.6,8.2,2.3,0.9,0.8,1.8,1.9,18.0
173,Eric Gordon\gordoer01,SG,29,HOU,52,24,31.8,6.1,14.7,.417,3.1,9.1,.335,3.1,5.6,.552,.521,3.2,3.9,.818,0.4,1.9,2.3,2.3,0.6,0.4,1.9,1.7,18.5
174,Marcin Gortat\gortama01,C,33,WAS,62,62,26.0,3.7,7.0,.528,0.0,0.0,"",3.7,7.0,.528,.528,1.2,2.0,.626,2.2,5.6,7.8,1.9,0.6,0.7,1.2,2.1,8.6
175,Treveon Graham\grahatr01,SG,24,CHO,49,2,17.6,1.7,3.8,.436,0.7,1.7,.444,0.9,2.2,.430,.532,0.7,1.0,.714,0.7,1.4,2.1,1.0,0.6,0.0,0.5,1.8,4.8
176,Jerami Grant\grantje01,PF,23,OKC,62,1,20.6,2.9,5.6,.513,0.3,1.3,.259,2.5,4.3,.590,.543,1.8,2.7,.649,1.2,2.9,4.0,0.7,0.4,0.9,0.7,2.0,7.9
177,Jerian Grant\grantje02,PG,25,CHI,58,26,23.3,2.8,6.6,.426,0.8,2.4,.340,2.0,4.2,.475,.488,1.9,2.5,.750,0.5,2.1,2.6,4.9,0.8,0.1,1.3,1.8,8.3
178,Josh Gray\grayjo01,PG,24,PHO,5,0,17.2,2.2,8.2,.268,0.6,2.6,.231,1.6,5.6,.286,.305,1.4,2.2,.636,0.4,1.6,2.0,2.4,1.6,0.4,1.4,1.6,6.4
179,Danny Green\greenda02,SG,30,SAS,50,48,26.2,3.3,8.1,.407,1.8,4.6,.383,1.5,3.5,.440,.516,0.6,0.8,.780,0.5,3.1,3.7,1.7,1.1,1.1,1.1,1.6,9.0
180,Draymond Green\greendr01,PF,27,GSW,54,54,32.9,4.1,9.0,.456,1.1,3.5,.298,3.1,5.5,.557,.514,2.1,2.7,.762,1.3,6.5,7.8,7.4,1.3,1.5,2.8,2.6,11.4
181,Gerald Green\greenge01,SG,32,HOU,24,0,22.3,3.8,9.5,.399,2.6,6.9,.382,1.2,2.6,.444,.537,1.3,1.6,.821,0.4,2.3,2.6,0.4,0.6,0.4,0.6,2.2,11.5
182,JaMychal Green\greenja01,PF,27,MEM,40,39,27.0,4.1,8.8,.463,0.8,2.4,.330,3.3,6.3,.514,.509,1.5,2.0,.750,2.7,5.1,7.9,1.2,0.6,0.4,1.4,2.6,10.4
183,Jeff Green\greenje02,PF,31,CLE,59,0,22.1,3.7,7.6,.489,0.6,1.8,.308,3.2,5.8,.545,.526,2.6,3.0,.866,0.9,2.5,3.3,1.3,0.5,0.3,0.9,1.9,10.6
184,Blake Griffin\griffbl01,PF,28,TOT,45,45,34.1,7.4,17.2,.430,1.8,5.6,.320,5.6,11.6,.483,.482,4.9,6.1,.793,1.4,6.3,7.6,5.4,0.8,0.3,3.0,2.5,21.5
185,Daniel Hamilton\hamilda02,SG,22,OKC,4,0,6.3,1.3,2.8,.455,0.5,1.3,.400,0.8,1.5,.500,.545,0.0,0.0,"",0.0,1.3,1.3,1.8,0.3,0.0,0.5,0.0,3.0
186,Tim Hardaway\hardati02,SG,25,NYK,40,37,32.6,6.1,14.7,.412,2.2,7.1,.316,3.8,7.6,.502,.488,2.5,3.2,.794,0.6,3.3,3.9,2.9,1.2,0.2,1.7,2.1,16.8
187,James Harden\hardeja01,SG,28,HOU,54,54,35.7,9.2,20.6,.449,4.1,10.6,.383,5.2,10.0,.519,.548,8.7,10.1,.864,0.5,4.7,5.2,8.9,1.8,0.7,4.3,2.4,31.3
188,Maurice Harkless\harklma01,SF,24,POR,50,27,21.0,2.2,4.7,.473,0.7,1.8,.374,1.6,2.9,.534,.544,0.6,0.8,.707,0.7,2.0,2.7,0.8,0.8,0.7,0.8,1.7,5.7
189,Montrezl Harrell\harremo01,C,24,LAC,54,3,15.9,4.0,6.4,.621,0.0,0.1,.000,4.0,6.4,.626,.621,1.6,2.6,.638,1.4,2.6,3.9,0.8,0.4,0.8,0.8,1.8,9.6
190,Devin Harris\harride01,PG,34,TOT,50,1,18.2,2.6,6.3,.407,1.0,2.9,.333,1.6,3.4,.471,.484,2.0,2.4,.843,0.2,1.7,1.9,2.0,0.7,0.2,1.1,2.4,8.2
191,Gary Harris\harriga01,SG,23,DEN,57,57,34.9,6.5,13.6,.483,2.4,5.9,.398,4.2,7.6,.548,.569,2.0,2.5,.811,0.6,2.1,2.7,3.1,1.9,0.2,1.9,1.8,17.5
192,Joe Harris\harrijo01,SG,26,BRK,60,9,25.3,3.8,8.0,.476,1.9,4.7,.405,1.9,3.4,.574,.594,1.0,1.2,.792,0.7,2.8,3.4,1.5,0.5,0.2,1.1,2.0,10.5
193,Tobias Harris\harrito02,PF,25,TOT,58,58,32.9,6.8,14.8,.456,2.3,5.6,.411,4.4,9.2,.483,.534,2.4,2.8,.830,0.8,4.6,5.4,2.1,0.8,0.4,1.2,2.0,18.2
194,Andrew Harrison\harrian01,PG,23,MEM,52,42,23.3,3.1,7.3,.421,0.8,2.4,.349,2.3,4.9,.457,.479,2.2,2.8,.793,0.4,2.0,2.4,3.0,0.7,0.5,1.5,2.5,9.3
195,Shaquille Harrison\harrish01,PG,"",PHO,4,0,10.5,0.5,1.5,.333,0.3,0.5,.500,0.3,1.0,.250,.417,1.0,1.0,1.000,0.3,2.3,2.5,1.8,2.0,0.8,0.3,1.5,2.3
196,Josh Hart\hartjo01,SG,22,LAL,55,20,21.5,2.4,5.2,.461,1.1,2.7,.397,1.3,2.4,.534,.567,0.8,1.2,.656,0.6,3.1,3.7,1.2,0.7,0.2,0.6,1.6,6.6
197,Udonis Haslem\hasleud01,C,37,MIA,9,0,5.4,0.2,0.8,.286,0.1,0.4,.250,0.1,0.3,.333,.357,0.0,0.0,"",0.2,0.4,0.7,0.3,0.0,0.1,0.2,0.2,0.6
198,Nigel Hayes\hayesni01,SF,23,LAL,2,0,5.5,0.5,1.5,.333,0.0,1.0,.000,0.5,0.5,1.000,.333,0.5,0.5,1.000,0.0,0.0,0.0,1.0,0.0,0.0,0.0,0.0,1.5
199,Gordon Hayward\haywago01,SF,27,BOS,1,1,5.0,1.0,2.0,.500,0.0,1.0,.000,1.0,1.0,1.000,.500,0.0,0.0,"",0.0,1.0,1.0,0.0,0.0,0.0,0.0,1.0,2.0
200,Reggie Hearn\hearnre01,SG,26,DET,1,0,3.0,1.0,1.0,1.000,1.0,1.0,1.000,0.0,0.0,"",1.500,0.0,0.0,"",0.0,0.0,0.0,0.0,0.0,0.0,0.0,0.0,3.0
201,Myke Henry\henrymy01,SF,25,MEM,11,0,18.5,2.0,5.4,.373,1.3,3.3,.389,0.7,2.1,.348,.492,0.5,0.8,.556,0.5,1.3,1.7,0.8,1.0,0.5,1.0,1.2,5.7
202,John Henson\hensojo01,C,27,MIL,56,49,25.5,3.8,6.5,.584,0.0,0.1,.000,3.8,6.4,.591,.584,1.3,2.2,.589,2.0,4.9,6.9,1.4,0.5,1.4,1.2,2.8,8.9
203,Juan Hernangomez\hernaju01,PF,22,DEN,21,3,11.1,1.1,2.9,.383,0.5,1.9,.282,0.6,1.0,.571,.475,0.4,0.5,.818,0.8,1.6,2.3,0.4,0.3,0.1,0.3,0.9,3.1
204,Willy Hernangomez\hernawi01,C,23,TOT,31,0,8.2,1.6,2.8,.563,0.0,0.2,.200,1.5,2.6,.585,.569,0.4,1.0,.375,0.8,1.6,2.5,0.7,0.3,0.3,0.9,1.2,3.6
205,Mario Hezonja\hezonma01,SF,22,ORL,54,16,19.8,3.5,7.4,.465,1.1,3.1,.359,2.4,4.4,.540,.540,1.0,1.2,.815,0.6,2.9,3.4,1.1,1.0,0.3,1.0,1.8,9.0
206,Isaiah Hicks\hicksis01,PF,23,NYK,3,0,12.3,1.7,3.3,.500,0.0,0.3,.000,1.7,3.0,.556,.500,0.3,0.7,.500,0.7,1.0,1.7,0.3,0.3,0.0,0.7,2.0,3.7
207,Buddy Hield\hieldbu01,SG,24,SAC,59,11,24.0,4.9,11.1,.438,2.1,4.9,.425,2.8,6.2,.449,.533,0.8,1.0,.877,0.6,3.1,3.7,1.6,0.9,0.3,1.4,1.8,12.7
208,Nene Hilario\hilarne01,C,35,HOU,42,3,14.9,2.8,4.7,.597,0.0,0.0,.000,2.8,4.6,.603,.597,1.4,2.1,.648,0.9,2.5,3.4,0.9,0.5,0.2,0.8,2.5,6.9
209,George Hill\hillge01,PG,31,TOT,49,42,26.8,3.6,7.9,.456,1.3,3.1,.433,2.3,4.8,.470,.540,1.9,2.5,.779,0.6,2.1,2.7,2.7,0.9,0.3,1.4,1.8,10.4
210,Darrun Hilliard\hillida01,SG,24,SAS,14,0,6.8,0.4,1.4,.263,0.0,0.4,.000,0.4,0.9,.385,.263,0.4,0.5,.857,0.0,0.5,0.5,0.8,0.1,0.0,0.3,0.5,1.1
211,Jrue Holiday\holidjr01,SG,27,NOP,61,61,36.8,7.6,15.4,.495,1.5,4.7,.329,6.1,10.7,.567,.545,2.4,3.1,.788,0.6,3.8,4.4,5.5,1.4,0.7,2.5,2.4,19.2
212,Justin Holiday\holidju01,SG,28,CHI,57,57,34.1,4.3,11.4,.374,2.4,6.5,.369,1.9,4.9,.382,.479,2.1,2.6,.822,0.5,4.0,4.5,2.3,1.1,0.5,1.3,1.9,13.0
213,John Holland\hollajo02,SF,29,CLE,9,0,4.3,0.3,1.2,.273,0.3,1.0,.333,0.0,0.2,.000,.409,0.0,0.0,"",0.0,0.3,0.3,0.0,0.4,0.0,0.1,0.2,1.0
214,Rondae Hollis-Jefferson\holliro01,SF,23,BRK,48,45,28.0,5.1,10.9,.471,0.3,0.9,.267,4.9,9.9,.491,.483,3.7,4.6,.794,1.4,5.0,6.5,2.3,0.9,0.7,1.7,2.1,14.2
215,Richaun Holmes\holmeri01,C,24,PHI,31,2,15.5,2.6,5.0,.532,0.1,0.8,.125,2.5,4.2,.608,.542,0.8,1.2,.722,1.2,3.5,4.7,1.2,0.4,0.5,0.6,2.2,6.2
216,Rodney Hood\hoodro01,SG,25,TOT,45,12,27.5,5.8,13.5,.428,2.5,6.4,.392,3.3,7.1,.459,.521,2.0,2.3,.873,0.3,2.5,2.8,1.6,0.8,0.2,1.5,1.7,16.0
217,Al Horford\horfoal01,C,31,BOS,58,58,31.8,5.1,10.3,.497,1.4,3.3,.432,3.7,7.0,.528,.567,1.1,1.5,.736,1.4,6.2,7.6,4.9,0.6,1.1,1.9,2.0,12.8
218,Danuel House\houseda01,SG,24,PHO,16,0,12.1,1.6,4.2,.373,0.5,1.9,.258,1.1,2.3,.472,.433,1.0,1.2,.842,0.6,1.8,2.3,0.5,0.3,0.1,0.3,0.9,4.6
219,Dwight Howard\howardw01,C,32,CHO,62,62,30.6,6.0,11.0,.551,0.0,0.1,.000,6.0,10.9,.554,.551,3.8,6.9,.553,3.3,9.1,12.4,1.4,0.6,1.7,2.7,3.2,15.9
220,Josh Huestis\huestjo01,PF,26,OKC,57,7,14.9,0.9,2.7,.340,0.5,1.7,.281,0.4,1.0,.439,.428,0.1,0.3,.235,0.6,1.8,2.4,0.3,0.2,0.7,0.4,1.3,2.4
221,R.J. Hunter\hunterj01,SG,24,HOU,2,0,1.0,0.0,0.0,"",0.0,0.0,"",0.0,0.0,"","",0.0,0.0,"",0.0,0.5,0.5,1.0,0.0,0.0,0.0,0.0,0.0
222,Vince Hunter\huntevi01,PF,23,MEM,4,0,1.8,0.8,1.3,.600,0.0,0.0,"",0.8,1.3,.600,.600,0.0,0.0,"",0.5,0.3,0.8,0.0,0.0,0.3,0.3,0.0,1.5
223,Serge Ibaka\ibakase01,PF,28,TOR,55,55,27.7,5.2,10.4,.497,1.4,3.9,.357,3.8,6.6,.579,.563,1.3,1.6,.802,0.9,5.3,6.1,0.8,0.3,1.4,1.1,2.8,13.0
224,Andre Iguodala\iguodan01,SF,34,GSW,53,4,25.5,2.2,4.7,.458,0.4,1.7,.250,1.8,3.1,.571,.502,0.9,1.5,.641,0.9,3.0,3.8,3.2,0.8,0.6,1.0,1.5,5.7
225,Ersan Ilyasova\ilyaser01,PF,30,ATL,46,40,25.5,4.0,8.7,.459,1.3,3.7,.359,2.7,5.0,.532,.535,1.6,2.0,.800,1.6,3.8,5.5,1.1,1.0,0.4,0.9,2.0,10.9
226,Joe Ingles\inglejo01,SF,30,UTA,61,60,30.9,3.9,8.4,.460,2.5,5.6,.444,1.4,2.8,.491,.608,0.6,0.7,.844,0.3,3.8,4.1,4.1,1.0,0.2,1.9,2.1,10.8
227,Brandon Ingram\ingrabr01,SF,20,LAL,56,56,33.8,6.1,13.0,.467,0.7,1.7,.381,5.4,11.3,.480,.492,3.3,4.8,.686,1.0,4.4,5.4,3.8,0.8,0.8,2.5,2.8,16.2
228,Kyrie Irving\irvinky01,PG,25,BOS,57,57,32.5,9.1,18.4,.492,2.8,6.8,.410,6.2,11.6,.540,.568,4.0,4.5,.890,0.5,3.2,3.7,5.1,1.1,0.3,2.3,2.0,24.9
229,Jonathan Isaac\isaacjo01,PF,20,ORL,15,2,19.0,2.0,4.9,.405,0.3,1.2,.278,1.7,3.7,.446,.439,0.9,1.2,.778,0.8,2.9,3.7,0.7,0.7,1.0,1.0,1.7,5.3
230,Wesley Iwundu\iwundwe01,SF,23,ORL,43,3,14.6,1.4,3.1,.451,0.1,0.6,.231,1.3,2.5,.505,.474,0.5,0.7,.759,0.5,1.6,2.1,0.9,0.4,0.2,0.4,1.1,3.4
231,Jarrett Jack\jackja01,PG,34,NYK,57,56,25.9,3.1,7.3,.424,0.4,1.4,.296,2.7,5.9,.455,.453,1.0,1.2,.829,0.4,2.8,3.1,5.8,0.6,0.1,1.9,1.7,7.6
232,Demetrius Jackson\jacksde01,PG,23,HOU,12,0,5.3,0.3,1.2,.286,0.0,0.5,.000,0.3,0.7,.500,.286,0.0,0.0,"",0.3,0.6,0.9,0.4,0.3,0.1,0.8,0.5,0.7
233,Josh Jackson\jacksjo02,SF,20,PHO,61,24,23.8,4.5,10.9,.411,0.7,2.8,.266,3.7,8.1,.460,.445,2.0,3.2,.624,1.2,3.1,4.3,1.3,0.9,0.5,1.7,2.8,11.7
234,Justin Jackson\jacksju01,SF,22,SAC,47,20,20.0,2.4,5.7,.425,0.7,2.4,.304,1.7,3.3,.513,.489,0.4,0.5,.680,0.4,2.0,2.5,0.9,0.5,0.2,0.6,1.0,5.9
235,Reggie Jackson\jacksre01,PG,27,DET,33,33,27.1,5.5,12.3,.446,1.3,3.8,.339,4.2,8.5,.493,.498,2.4,2.8,.840,0.7,2.2,2.8,5.5,0.6,0.1,2.5,2.1,14.6
236,LeBron James\jamesle01,PF,33,CLE,60,60,37.1,10.3,18.8,.545,1.7,4.8,.360,8.6,14.1,.608,.591,4.4,6.0,.738,1.2,7.2,8.4,9.0,1.5,1.0,4.3,1.6,26.7
237,Mike James\jamesmi02,PG,27,TOT,36,10,19.1,3.4,8.9,.383,0.7,2.7,.265,2.7,6.2,.435,.424,1.8,2.3,.762,0.4,2.1,2.5,3.5,0.8,0.2,1.4,1.3,9.3
238,Al Jefferson\jeffeal01,C,33,IND,29,0,13.4,3.1,5.6,.553,0.0,0.0,.000,3.1,5.5,.556,.553,0.6,0.8,.783,0.7,3.0,3.8,0.9,0.4,0.6,0.6,1.8,6.8
239,Richard Jefferson\jefferi01,SF,37,DEN,16,0,8.6,0.6,1.5,.417,0.1,0.4,.286,0.5,1.1,.471,.458,0.3,0.4,.571,0.1,0.8,0.9,0.6,0.1,0.1,0.3,0.6,1.6
240,Jonas Jerebko\jerebjo01,PF,30,UTA,53,17,16.1,2.1,4.6,.459,0.8,1.9,.417,1.3,2.7,.489,.547,0.7,0.8,.844,0.7,2.6,3.3,0.6,0.4,0.2,0.4,2.0,5.8
241,Amir Johnson\johnsam01,C,30,PHI,55,10,15.4,1.8,3.4,.541,0.1,0.3,.278,1.7,3.0,.569,.554,0.8,1.3,.589,1.7,2.7,4.4,1.4,0.6,0.6,0.8,2.6,4.5
242,Brice Johnson\johnsbr02,PF,23,TOT,11,0,4.1,0.8,1.4,.600,0.0,0.1,.000,0.8,1.3,.643,.600,0.2,0.2,1.000,0.3,1.3,1.5,0.1,0.6,0.2,0.4,0.7,1.8
243,Dakari Johnson\johnsda04,C,22,OKC,26,5,5.8,0.8,1.5,.553,0.0,0.0,"",0.8,1.5,.553,.553,0.4,0.7,.556,0.6,0.7,1.2,0.3,0.2,0.3,0.1,1.0,2.0
244,James Johnson\johnsja01,PF,30,MIA,53,22,26.5,4.0,8.4,.479,0.8,2.7,.306,3.2,5.6,.562,.528,1.4,2.0,.694,0.8,4.0,4.8,3.8,0.9,0.6,2.1,2.7,10.2
245,Joe Johnson\johnsjo02,SF,36,TOT,37,3,22.6,2.9,6.9,.416,0.8,2.7,.287,2.1,4.2,.500,.473,0.7,0.8,.867,0.3,2.9,3.3,1.4,0.4,0.2,1.0,1.2,7.3
246,Stanley Johnson\johnsst04,SF,21,DET,50,36,28.0,3.0,8.0,.379,1.0,3.5,.289,2.0,4.5,.449,.442,1.8,2.2,.795,0.5,3.2,3.7,1.6,1.2,0.2,1.0,2.5,8.8
247,Tyler Johnson\johnsty01,PG,25,MIA,53,22,29.2,4.2,9.9,.426,1.6,4.6,.355,2.6,5.3,.488,.509,1.8,2.1,.847,0.5,3.0,3.5,2.3,0.9,0.5,1.2,2.2,11.9
248,Wesley Johnson\johnswe01,SF,30,LAC,55,30,22.3,2.3,5.6,.406,0.9,2.7,.320,1.4,2.9,.487,.484,0.7,0.9,.725,0.4,3.0,3.3,0.9,1.1,1.0,0.9,2.2,6.1
249,Nikola Jokic\jokicni01,C,22,DEN,54,52,31.5,6.2,12.7,.488,1.3,3.5,.372,4.9,9.2,.532,.539,3.5,4.1,.848,2.8,7.8,10.6,6.0,1.1,0.8,2.8,2.8,17.2
250,Damian Jones\jonesda03,C,22,GSW,3,0,2.7,0.0,0.0,"",0.0,0.0,"",0.0,0.0,"","",0.0,0.0,"",0.3,0.0,0.3,0.0,0.0,0.3,0.3,1.3,0.0
251,Derrick Jones\jonesde02,SF,20,TOT,16,8,14.1,1.1,2.8,.386,0.1,0.9,.133,0.9,1.8,.517,.409,0.8,1.3,.650,1.1,0.9,1.9,0.5,0.3,0.8,0.4,1.4,3.1
252,Jalen Jones\jonesja04,SF,24,TOT,9,0,5.8,0.6,1.4,.385,0.2,0.4,.500,0.3,1.0,.333,.462,0.4,0.6,.800,0.1,1.4,1.6,0.1,0.1,0.0,0.2,0.7,1.8
253,Tyus Jones\jonesty01,PG,21,MIN,64,10,18.0,1.8,3.9,.458,0.5,1.5,.354,1.3,2.4,.523,.526,0.8,0.9,.891,0.2,1.5,1.7,2.7,1.2,0.0,0.7,1.3,4.9
254,DeAndre Jordan\jordade01,C,29,LAC,55,55,31.9,4.7,7.3,.652,0.0,0.0,"",4.7,7.3,.652,.652,2.2,3.6,.604,4.2,10.7,14.9,1.4,0.6,1.0,1.8,2.8,11.6
255,Cory Joseph\josepco01,PG,26,IND,61,8,26.4,3.0,7.1,.427,0.8,2.2,.360,2.2,4.8,.458,.484,0.9,1.2,.736,0.4,2.6,3.0,3.1,0.9,0.2,1.0,1.7,7.7
256,Frank Kaminsky\kaminfr01,PF,24,CHO,59,4,23.2,3.8,9.2,.418,1.3,3.6,.358,2.5,5.6,.457,.489,1.7,2.3,.769,0.6,3.1,3.7,1.6,0.5,0.3,0.8,1.1,10.7
257,Enes Kanter\kanteen01,C,25,NYK,58,58,25.8,6.0,10.0,.601,0.0,0.0,.000,6.0,10.0,.603,.601,2.1,2.4,.859,3.6,7.1,10.7,1.5,0.5,0.5,1.8,2.6,14.2
258,Luke Kennard\kennalu01,SG,21,DET,54,4,18.0,2.4,5.6,.430,1.0,2.3,.413,1.4,3.2,.443,.517,0.6,0.7,.850,0.3,1.7,2.0,1.4,0.6,0.1,0.9,1.0,6.4
259,Michael Kidd-Gilchrist\kiddgmi01,SF,24,CHO,54,54,25.7,4.0,7.9,.512,0.0,0.0,.000,4.0,7.9,.514,.512,1.6,2.3,.683,1.1,3.1,4.3,1.1,0.7,0.5,0.6,1.9,9.6
260,Sean Kilpatrick\kilpase01,SG,28,TOT,39,0,9.9,1.4,4.3,.333,0.6,2.3,.273,0.8,2.1,.400,.405,0.9,1.0,.947,0.1,1.5,1.5,0.8,0.2,0.1,0.6,0.6,4.4
261,Maxi Kleber\klebima01,PF,26,DAL,54,35,17.1,2.1,4.5,.475,0.5,1.6,.281,1.7,2.8,.588,.527,0.5,0.7,.703,1.1,2.0,3.1,0.7,0.4,0.6,0.4,1.7,5.2
262,Furkan Korkmaz\korkmfu01,SG,20,PHI,6,0,5.3,0.5,2.0,.250,0.2,1.3,.125,0.3,0.7,.500,.292,0.3,0.3,1.000,0.3,0.7,1.0,0.3,0.2,0.0,0.2,0.7,1.5
263,Luke Kornet\kornelu01,PF,22,NYK,4,0,12.0,1.0,4.8,.211,0.8,3.8,.200,0.3,1.0,.250,.289,0.0,0.0,"",0.8,2.5,3.3,0.8,0.5,1.0,0.0,0.3,2.8
264,Kyle Korver\korveky01,SG,36,CLE,60,0,21.3,3.1,6.8,.453,2.3,5.3,.431,0.8,1.5,.534,.622,0.9,1.0,.881,0.2,1.9,2.1,1.2,0.4,0.3,0.7,1.7,9.3
265,Kosta Koufos\koufoko01,C,28,SAC,56,7,18.8,2.8,5.0,.561,0.0,0.0,"",2.8,5.0,.561,.561,0.5,1.1,.469,2.0,4.2,6.2,1.1,0.7,0.4,0.7,1.9,6.1
266,Kyle Kuzma\kuzmaky01,PF,22,LAL,59,21,29.3,5.8,13.1,.446,1.9,5.4,.360,3.9,7.7,.505,.519,1.8,2.5,.705,1.2,4.7,5.8,1.8,0.6,0.4,1.7,2.1,15.4
267,Mindaugas Kuzminskas\kuzmimi01,SF,28,NYK,1,0,2.0,0.0,2.0,.000,0.0,0.0,"",0.0,2.0,.000,.000,0.0,0.0,"",0.0,0.0,0.0,0.0,0.0,0.0,0.0,0.0,0.0
268,Skal Labissiere\labissk01,PF,21,SAC,46,18,18.8,3.2,6.9,.464,0.2,0.6,.321,3.0,6.3,.478,.478,1.5,2.0,.767,1.5,2.9,4.4,0.9,0.4,0.7,0.9,2.1,8.1
269,Jeremy Lamb\lambje01,SG,25,CHO,61,14,24.8,4.9,10.9,.450,1.2,3.3,.357,3.7,7.6,.490,.504,2.4,2.8,.859,0.7,3.6,4.2,2.3,0.8,0.4,1.1,1.8,13.3
270,Shane Larkin\larkish01,PG,25,BOS,40,0,11.3,1.2,3.2,.383,0.4,1.3,.340,0.8,2.0,.410,.449,0.5,0.6,.864,0.2,1.0,1.2,1.1,0.4,0.1,0.5,1.0,3.4
271,Joffrey Lauvergne\lauvejo01,C,26,SAS,41,1,10.5,2.0,3.8,.532,0.0,0.1,.000,2.0,3.6,.550,.532,0.6,1.0,.634,1.3,2.1,3.4,0.9,0.2,0.1,0.7,1.0,4.6
272,Zach LaVine\lavinza01,SG,22,CHI,17,17,26.7,6.1,15.3,.400,2.0,5.1,.395,4.1,10.2,.402,.465,3.5,4.4,.797,0.4,4.1,4.5,3.0,0.9,0.1,1.6,2.2,17.7
273,Jake Layman\laymaja01,SF,23,POR,27,1,5.4,0.4,1.6,.279,0.1,0.7,.211,0.3,0.9,.333,.326,0.1,0.1,.667,0.1,0.4,0.5,0.4,0.2,0.1,0.1,0.5,1.1
274,T.J. Leaf\leaftj01,PF,20,IND,43,0,9.3,1.3,2.7,.470,0.4,0.8,.472,0.9,1.8,.468,.543,0.2,0.3,.667,0.6,1.0,1.6,0.2,0.1,0.1,0.2,1.0,3.1
275,Courtney Lee\leeco01,SG,32,NYK,62,61,31.7,4.7,10.6,.445,1.5,3.9,.400,3.2,6.7,.471,.518,1.7,1.8,.938,0.4,2.8,3.2,2.7,1.1,0.2,1.2,1.5,12.7
276,"Walt Lemon, Jr.\lemonwa01",PG,"",NOP,3,0,4.7,0.7,2.0,.333,0.0,0.0,"",0.7,2.0,.333,.333,0.0,0.0,"",0.0,0.0,0.0,0.3,0.0,0.0,0.3,0.7,1.3
277,Alex Len\lenal01,C,24,PHO,53,7,20.8,3.0,5.3,.567,0.0,0.0,"",3.0,5.3,.567,.567,2.3,3.3,.701,2.5,5.4,7.8,1.3,0.4,0.9,1.2,2.4,8.4
278,Kawhi Leonard\leonaka01,SF,26,SAS,9,9,23.3,5.8,12.3,.468,1.2,3.9,.314,4.6,8.4,.539,.518,3.4,4.2,.816,0.7,4.0,4.7,2.3,2.0,1.0,1.8,1.0,16.2
279,Meyers Leonard\leoname01,C,25,POR,23,2,7.7,1.5,2.4,.607,0.4,0.7,.529,1.1,1.7,.641,.688,0.3,0.4,.800,0.4,1.7,2.0,0.4,0.2,0.0,0.3,1.1,3.7
280,Jon Leuer\leuerjo01,PF,28,DET,8,0,17.0,1.9,4.5,.417,0.0,0.4,.000,1.9,4.1,.455,.417,1.6,1.9,.867,0.9,3.1,4.0,0.6,0.1,0.4,0.9,2.0,5.4
281,Caris LeVert\leverca01,SF,23,BRK,52,9,25.9,4.3,10.0,.431,1.1,3.4,.337,3.2,6.6,.478,.488,1.9,2.7,.702,0.8,3.0,3.7,4.0,1.1,0.3,2.3,2.1,11.7
282,DeAndre Liggins\liggide01,SG,29,TOT,43,2,13.8,0.8,1.9,.410,0.4,1.0,.356,0.4,0.9,.474,.506,0.0,0.1,.400,0.2,1.2,1.4,0.9,0.8,0.3,0.4,1.7,2.0
283,Damian Lillard\lillada01,PG,27,POR,54,54,36.5,8.6,19.1,.449,3.0,8.2,.369,5.5,10.8,.510,.529,6.2,6.7,.918,0.7,3.9,4.5,6.6,1.0,0.4,3.1,1.7,26.3
284,Jeremy Lin\linje01,PG,29,BRK,1,1,25.0,5.0,12.0,.417,1.0,2.0,.500,4.0,10.0,.400,.458,7.0,7.0,1.000,0.0,0.0,0.0,4.0,0.0,0.0,3.0,3.0,18.0
285,Shaun Livingston\livinsh01,PG,32,GSW,54,7,15.4,2.2,4.5,.500,0.0,0.1,.000,2.2,4.4,.506,.500,0.6,0.8,.814,0.4,1.3,1.7,1.9,0.4,0.3,0.8,1.6,5.1
286,Kevon Looney\looneke01,C,21,GSW,48,0,10.9,1.2,2.1,.590,0.0,0.0,"",1.2,2.1,.590,.590,0.5,1.0,.490,1.1,1.6,2.8,0.5,0.3,0.6,0.5,1.4,3.0
287,Brook Lopez\lopezbr01,C,29,LAL,52,50,21.4,4.4,10.2,.438,1.5,4.4,.335,3.0,5.7,.517,.510,1.3,1.9,.687,1.0,2.8,3.8,1.5,0.4,1.3,1.5,2.7,11.7
288,Robin Lopez\lopezro01,C,29,CHI,57,57,27.7,5.6,10.5,.527,0.0,0.1,.250,5.5,10.4,.531,.529,1.2,1.5,.761,2.2,2.5,4.7,2.0,0.2,0.8,1.8,1.8,12.3
289,Kevin Love\loveke01,C,29,CLE,48,48,28.0,5.8,12.5,.463,2.2,5.4,.404,3.6,7.1,.507,.550,4.1,4.6,.883,1.9,7.4,9.4,1.6,0.7,0.4,1.5,2.1,17.9
290,Kyle Lowry\lowryky01,PG,31,TOR,57,57,32.1,5.2,12.5,.421,3.0,7.7,.396,2.2,4.8,.462,.543,3.1,3.7,.847,0.9,4.8,5.7,6.5,1.2,0.1,2.4,2.3,16.6
291,Timothe Luwawu-Cabarrot\luwawti01,SF,22,PHI,48,7,16.5,2.0,5.5,.370,1.1,3.3,.331,1.0,2.3,.426,.468,1.0,1.2,.793,0.3,1.2,1.5,1.1,0.3,0.1,0.8,2.0,6.1
292,Tyler Lydon\lydonty01,PF,21,DEN,1,0,2.0,0.0,0.0,"",0.0,0.0,"",0.0,0.0,"","",0.0,0.0,"",0.0,0.0,0.0,0.0,0.0,0.0,0.0,0.0,0.0
293,Trey Lyles\lylestr01,PF,22,DEN,56,2,20.6,4.0,8.1,.497,1.3,3.3,.396,2.8,4.9,.564,.576,1.5,2.2,.685,0.8,4.3,5.1,1.3,0.5,0.5,0.9,1.7,10.9
294,Shelvin Mack\macksh01,PG,27,ORL,48,3,18.3,2.1,4.8,.446,0.4,1.4,.318,1.7,3.4,.497,.491,1.0,1.4,.742,0.4,2.0,2.4,3.9,0.7,0.1,1.2,1.1,5.8
295,Josh Magette\magetjo01,PG,28,ATL,10,0,7.4,0.6,1.5,.400,0.3,0.7,.429,0.3,0.8,.375,.500,0.6,0.6,1.000,0.1,0.6,0.7,2.2,0.3,0.0,0.2,0.6,2.1
296,Ian Mahinmi\mahinia01,C,31,WAS,60,0,14.9,1.7,2.9,.576,0.0,0.0,.000,1.7,2.9,.579,.576,1.3,1.7,.728,1.6,2.2,3.8,0.7,0.5,0.6,1.2,3.1,4.6
297,Thon Maker\makerth01,C,20,MIL,61,12,17.9,1.9,4.4,.421,0.5,1.5,.311,1.4,3.0,.475,.472,0.9,1.3,.704,1.1,2.2,3.3,0.7,0.5,0.8,0.6,2.2,5.1
298,Boban Marjanovic\marjabo01,C,29,TOT,23,1,8.3,2.0,3.8,.529,0.0,0.0,"",2.0,3.8,.529,.529,1.9,2.3,.815,0.9,2.0,2.8,0.7,0.3,0.3,1.1,1.5,5.9
299,Lauri Markkanen\markkla01,PF,20,CHI,55,55,30.4,5.4,12.8,.424,2.1,6.1,.345,3.3,6.7,.495,.506,1.9,2.2,.854,1.1,6.5,7.6,1.2,0.5,0.6,1.3,1.6,14.8
300,Jarell Martin\martija01,PF,23,MEM,57,21,20.9,2.6,5.8,.446,0.4,1.1,.375,2.2,4.7,.463,.482,1.1,1.3,.811,1.2,2.6,3.9,0.8,0.6,0.7,1.1,2.8,6.7
301,Frank Mason\masonfr01,PG,23,SAC,33,2,18.2,2.6,6.7,.391,0.5,1.3,.409,2.1,5.3,.386,.432,1.7,2.1,.786,0.4,1.6,2.1,2.9,0.5,0.2,1.3,1.2,7.4
302,Mangok Mathiang\mathima01,C,25,CHO,3,0,3.3,0.0,0.7,.000,0.0,0.0,"",0.0,0.7,.000,.000,0.0,0.0,"",0.3,1.7,2.0,0.0,0.0,0.0,0.0,0.7,0.0
303,Wesley Matthews\matthwe02,SF,31,DAL,61,60,34.0,4.6,11.2,.410,2.5,6.4,.384,2.1,4.7,.444,.521,1.3,1.6,.828,0.4,2.7,3.2,2.7,1.2,0.2,1.4,2.2,13.0
304,Luc Mbah a Moute\mbahalu01,PF,31,HOU,44,14,26.8,2.8,5.8,.475,1.0,3.0,.351,1.7,2.8,.605,.565,1.0,1.5,.703,0.4,2.8,3.2,0.9,1.1,0.4,1.2,1.8,7.6
305,James Michael McAdoo\mcadoja01,PF,25,PHI,3,0,6.0,0.7,2.3,.286,0.7,2.3,.286,0.0,0.0,"",.429,0.7,0.7,1.000,0.0,0.7,0.7,0.0,0.0,0.3,0.3,0.3,2.7
306,Patrick McCaw\mccawpa01,SG,22,GSW,51,6,15.6,1.5,3.4,.443,0.3,1.3,.250,1.2,2.2,.555,.489,0.4,0.5,.720,0.3,1.1,1.4,1.4,0.7,0.2,0.6,1.1,3.7
307,C.J. McCollum\mccolcj01,SG,26,POR,60,60,36.0,8.3,18.6,.447,2.4,5.9,.415,5.9,12.7,.461,.512,2.6,3.0,.863,0.6,3.2,3.8,3.1,1.0,0.4,1.9,2.3,21.6
308,T.J. McConnell\mccontj01,PG,25,PHI,53,1,24.5,3.1,6.2,.503,0.5,0.9,.500,2.6,5.2,.504,.541,0.5,0.6,.844,0.6,2.7,3.3,4.5,1.4,0.2,1.8,1.8,7.2
309,Erik McCree\mccreer01,SF,24,UTA,2,0,1.5,0.0,0.5,.000,0.0,0.0,"",0.0,0.5,.000,.000,0.0,0.0,"",0.0,0.0,0.0,0.0,0.0,0.0,0.0,0.0,0.0
310,Chris McCullough\mcculch01,PF,22,WAS,19,0,4.7,0.9,2.2,.429,0.1,0.4,.125,0.9,1.8,.500,.440,0.5,0.7,.643,0.4,0.9,1.3,0.2,0.0,0.3,0.1,0.4,2.4
311,Doug McDermott\mcderdo01,SF,26,TOT,62,2,21.4,2.8,6.0,.465,1.1,2.6,.407,1.7,3.4,.510,.554,0.7,1.0,.750,0.6,1.8,2.4,1.0,0.2,0.2,0.6,1.4,7.4
312,JaVale McGee\mcgeeja01,C,30,GSW,46,8,8.5,1.8,2.8,.631,0.0,0.1,.000,1.8,2.7,.661,.631,0.6,0.8,.744,0.7,1.5,2.1,0.5,0.3,0.8,0.4,1.3,4.2
313,Rodney McGruder\mcgruro01,SG,26,MIA,1,0,9.0,1.0,2.0,.500,1.0,2.0,.500,0.0,0.0,"",.750,0.0,0.0,"",0.0,0.0,0.0,0.0,0.0,0.0,0.0,0.0,3.0
314,Trey McKinney-Jones\mckintr01,SG,27,IND,1,0,1.0,0.0,0.0,"",0.0,0.0,"",0.0,0.0,"","",0.0,0.0,"",0.0,0.0,0.0,0.0,0.0,0.0,0.0,0.0,0.0
315,Alfonzo McKinnie\mckinal01,SF,25,TOR,12,0,4.0,0.6,1.1,.538,0.3,0.7,.375,0.3,0.4,.800,.654,0.2,0.3,.667,0.0,0.5,0.5,0.1,0.1,0.1,0.3,0.6,1.6
316,Ben McLemore\mclembe01,SG,24,MEM,38,7,16.5,2.2,5.6,.403,0.8,2.4,.323,1.4,3.1,.466,.474,0.7,0.8,.871,0.4,1.4,1.8,0.8,0.6,0.2,1.0,2.3,6.0
317,Josh McRoberts\mcrobjo01,PF,30,DAL,2,0,3.0,0.0,0.5,.000,0.0,0.5,.000,0.0,0.0,"",.000,0.0,0.0,"",0.0,0.0,0.0,0.0,0.0,0.0,0.0,1.0,0.0
318,Jodie Meeks\meeksjo01,SG,30,WAS,59,0,14.8,2.0,5.1,.386,0.9,2.7,.315,1.1,2.4,.468,.470,1.4,1.6,.863,0.2,1.4,1.6,0.9,0.4,0.1,0.5,0.7,6.2
319,Salah Mejri\mejrisa01,C,31,DAL,55,1,12.0,1.5,2.2,.650,0.0,0.1,.000,1.5,2.2,.667,.650,0.6,1.1,.569,1.4,2.8,4.2,0.5,0.4,1.1,0.6,2.0,3.5
320,Jordan Mickey\mickejo01,PF,23,MIA,18,2,13.3,1.8,3.7,.478,0.1,0.6,.091,1.7,3.1,.554,.485,0.6,0.9,.688,0.8,3.2,4.0,0.5,0.2,0.4,0.8,1.8,4.2
321,Khris Middleton\middlkh01,SF,26,MIL,61,61,36.6,7.2,15.6,.463,1.7,5.1,.343,5.5,10.5,.520,.518,3.8,4.4,.872,0.5,4.7,5.2,4.0,1.3,0.2,2.3,3.2,20.0
322,C.J. Miles\milescj01,SF,30,TOR,50,3,18.4,3.3,8.3,.396,2.4,6.3,.383,0.9,2.0,.439,.542,1.1,1.3,.833,0.2,1.7,1.9,0.7,0.6,0.3,0.5,1.8,10.1
323,Darius Miller\milleda01,SF,27,NOP,61,2,23.5,2.7,5.9,.453,1.9,4.5,.424,0.8,1.4,.547,.615,0.8,0.9,.870,0.2,1.9,2.0,1.3,0.3,0.2,0.7,2.1,8.1
324,Malcolm Miller\millema01,SF,24,TOR,5,0,4.6,0.4,1.4,.286,0.4,1.2,.333,0.0,0.2,.000,.429,0.0,0.0,"",0.2,0.8,1.0,0.2,0.0,0.0,0.0,0.4,1.2
325,Patty Mills\millspa02,PG,29,SAS,62,16,24.4,3.3,7.9,.421,1.9,4.8,.385,1.5,3.0,.479,.539,1.2,1.4,.871,0.3,1.6,1.9,2.7,0.7,0.1,1.3,1.4,9.7
326,Paul Millsap\millspa01,PF,32,DEN,17,16,29.3,5.5,12.5,.443,1.2,3.6,.339,4.3,8.8,.487,.493,2.6,3.8,.692,1.5,4.7,6.2,2.9,1.1,1.3,2.1,2.5,14.9
327,Nikola Mirotic\mirotni01,PF,26,TOT,35,6,26.9,5.6,12.5,.450,2.5,6.7,.382,3.1,5.8,.527,.552,2.3,2.8,.798,1.1,5.8,6.9,1.5,0.8,0.8,1.3,2.0,16.0
328,Donovan Mitchell\mitchdo01,SG,21,UTA,58,50,32.4,7.3,16.7,.437,2.4,6.7,.352,4.9,9.9,.494,.508,2.7,3.2,.835,0.6,2.9,3.5,3.5,1.5,0.4,2.7,2.8,19.6
329,Naz Mitrou-Long\mitrona01,SG,24,UTA,1,0,1.0,1.0,1.0,1.000,1.0,1.0,1.000,0.0,0.0,"",1.500,0.0,0.0,"",0.0,0.0,0.0,0.0,0.0,0.0,0.0,0.0,3.0
330,Malik Monk\monkma01,SG,19,CHO,45,0,11.4,1.6,5.1,.323,1.0,2.9,.328,0.7,2.2,.316,.417,0.3,0.4,.706,0.0,0.7,0.8,1.1,0.2,0.1,0.5,0.8,4.5
331,Greg Monroe\monrogr01,C,27,TOT,32,14,20.2,4.1,7.1,.580,0.0,0.0,"",4.1,7.1,.580,.580,1.4,2.1,.672,2.1,4.7,6.8,2.0,0.7,0.3,1.6,1.9,9.6
332,Luis Montero\montelu01,SG,24,DET,2,0,4.0,0.0,0.5,.000,0.0,0.0,"",0.0,0.5,.000,.000,0.0,0.0,"",0.0,1.0,1.0,0.0,0.0,0.0,1.0,0.0,0.0
333,Ben Moore\moorebe01,PF,22,IND,2,0,4.5,0.0,0.0,"",0.0,0.0,"",0.0,0.0,"","",0.0,0.0,"",0.0,0.5,0.5,0.5,0.0,0.0,0.0,2.0,0.0
334,E'Twaun Moore\mooreet01,SG,28,NOP,61,59,31.8,5.1,10.1,.505,1.6,3.8,.422,3.5,6.3,.555,.585,0.6,0.9,.691,0.7,2.0,2.8,2.1,1.0,0.1,1.2,2.3,12.4
335,Eric Moreland\moreler01,PF,26,DET,49,1,11.1,0.7,1.4,.529,0.0,0.0,"",0.7,1.4,.529,.529,0.1,0.4,.333,1.1,2.6,3.7,1.1,0.3,0.6,0.4,1.7,1.6
336,Jaylen Morris\morrija01,PG,"",ATL,1,0,12.0,1.0,6.0,.167,0.0,2.0,.000,1.0,4.0,.250,.167,0.0,0.0,"",1.0,1.0,2.0,0.0,0.0,0.0,2.0,0.0,2.0
337,Marcus Morris\morrima03,PF,28,BOS,39,14,25.2,4.4,10.5,.417,1.4,4.0,.357,2.9,6.4,.454,.485,2.0,2.5,.804,0.9,4.6,5.5,1.3,0.5,0.3,1.1,1.9,12.2
338,Markieff Morris\morrima02,PF,28,WAS,53,53,26.5,4.3,9.0,.478,1.0,2.7,.368,3.3,6.3,.526,.534,1.4,1.6,.849,1.1,4.7,5.7,1.8,0.8,0.5,1.7,3.1,11.0
339,Monte Morris\morrimo01,PG,22,DEN,3,0,8.3,1.3,2.0,.667,0.0,0.3,.000,1.3,1.7,.800,.667,0.7,0.7,1.000,0.0,0.7,0.7,2.3,1.0,0.0,0.3,0.3,3.3
340,Johnathan Motley\motlejo01,PF,22,DAL,3,0,2.7,1.0,1.7,.600,0.0,0.0,"",1.0,1.7,.600,.600,1.0,2.7,.375,0.0,1.7,1.7,0.3,0.0,0.7,0.0,0.3,3.0
341,Timofey Mozgov\mozgoti01,C,31,BRK,27,14,12.3,1.7,3.1,.536,0.1,0.7,.222,1.5,2.4,.621,.560,0.7,0.9,.760,1.0,2.1,3.2,0.3,0.2,0.4,1.1,1.3,4.2
342,Emmanuel Mudiay\mudiaem01,PG,21,TOT,48,3,18.8,3.3,8.1,.402,0.9,2.5,.342,2.4,5.6,.429,.455,1.6,2.1,.768,0.4,2.0,2.4,3.2,0.6,0.1,1.8,1.1,8.9
343,Shabazz Muhammad\muhamsh01,SF,25,MIN,32,2,9.4,1.5,3.8,.388,0.1,0.6,.211,1.3,3.2,.422,.405,0.7,1.0,.710,0.5,0.9,1.4,0.2,0.2,0.1,0.2,0.7,3.8
344,Xavier Munford\munfoxa02,SG,25,MIL,5,0,3.8,0.2,1.2,.167,0.0,0.4,.000,0.2,0.8,.250,.167,0.2,0.4,.500,0.2,0.0,0.2,0.8,0.2,0.0,0.4,0.6,0.6
345,Dejounte Murray\murrade01,PG,21,SAS,61,28,19.9,3.1,7.0,.440,0.1,0.3,.250,3.0,6.7,.449,.445,1.2,1.6,.720,1.3,4.0,5.4,2.9,0.9,0.4,1.7,1.9,7.5
346,Jamal Murray\murraja01,PG,20,DEN,60,59,30.6,5.9,12.8,.464,2.0,5.1,.386,4.0,7.7,.516,.541,2.6,2.8,.917,1.1,2.5,3.6,3.1,0.9,0.3,2.2,2.1,16.4
347,Mike Muscala\muscami01,C,26,ATL,33,5,17.2,2.3,5.0,.464,0.8,2.3,.360,1.5,2.8,.549,.545,0.9,1.0,.912,1.1,2.8,3.9,0.8,0.6,0.5,0.6,1.5,6.4
348,Abdel Nader\naderab01,SF,24,BOS,31,0,9.1,0.9,2.6,.354,0.5,1.3,.366,0.5,1.3,.341,.445,0.2,0.4,.538,0.3,1.0,1.3,0.6,0.2,0.1,0.6,0.8,2.6
349,Larry Nance\nancela02,C,25,TOT,48,17,21.9,3.6,6.0,.599,0.0,0.1,.200,3.6,5.9,.606,.600,1.4,2.1,.641,2.6,4.1,6.7,1.4,1.4,0.6,0.9,2.8,8.6
350,Shabazz Napier\napiesh01,PG,26,POR,54,8,21.3,3.3,7.4,.440,1.2,3.0,.394,2.1,4.5,.471,.519,1.5,1.8,.838,0.4,1.9,2.2,2.2,1.3,0.2,1.3,1.2,9.3
351,Jameer Nelson\nelsoja01,PG,35,TOT,48,0,20.2,2.0,4.9,.402,0.9,2.5,.339,1.1,2.4,.469,.489,0.3,0.4,.778,0.3,1.9,2.1,3.6,0.5,0.1,1.3,1.6,5.1
352,Raul Neto\netora01,PG,25,UTA,33,0,13.2,1.9,4.2,.453,0.5,1.3,.419,1.3,2.8,.468,.518,0.7,0.9,.793,0.2,1.1,1.3,1.9,0.3,0.1,0.8,1.0,5.0
353,Georges Niang\niangge01,PF,24,UTA,2,0,1.0,0.0,0.0,"",0.0,0.0,"",0.0,0.0,"","",0.0,0.0,"",0.0,0.0,0.0,0.0,0.5,0.0,0.0,0.0,0.0
354,Joakim Noah\noahjo01,C,32,NYK,7,0,5.7,0.7,1.4,.500,0.0,0.0,"",0.7,1.4,.500,.500,0.3,0.6,.500,0.9,1.1,2.0,0.6,0.3,0.3,0.6,0.7,1.7
355,Nerlens Noel\noelne01,C,23,DAL,19,6,12.7,1.6,3.0,.526,0.0,0.0,"",1.6,3.0,.526,.526,0.8,1.0,.842,1.4,2.6,4.0,0.4,0.6,0.6,0.9,1.8,4.0
356,Lucas Nogueira\noguelu01,C,25,TOR,35,2,9.1,1.1,1.8,.594,0.1,0.5,.250,1.0,1.4,.708,.625,0.4,0.5,.778,0.4,1.5,1.9,0.4,0.5,0.9,0.4,1.2,2.7
357,Dirk Nowitzki\nowitdi01,C,39,DAL,61,61,25.1,4.6,9.9,.460,1.7,4.1,.422,2.8,5.8,.486,.547,1.4,1.5,.902,0.3,5.4,5.7,1.6,0.6,0.5,0.6,1.9,12.2
358,Frank Ntilikina\ntilila01,PG,19,NYK,59,0,20.5,2.1,5.9,.360,0.6,1.8,.324,1.5,4.1,.376,.409,0.6,0.9,.698,0.4,1.7,2.2,3.1,0.9,0.2,1.8,2.4,5.4
359,Jusuf Nurkic\nurkiju01,C,23,POR,58,58,26.5,5.8,12.1,.482,0.0,0.1,.000,5.8,12.0,.487,.482,2.4,3.7,.659,2.2,6.2,8.3,1.8,0.8,1.3,2.4,3.0,14.1
360,David Nwaba\nwabada01,SG,25,CHI,49,7,22.4,2.7,5.0,.535,0.2,0.5,.400,2.4,4.4,.550,.556,1.8,2.9,.625,1.1,3.4,4.5,1.2,0.8,0.5,0.9,2.2,7.3
361,Johnny O'Bryant\obryajo01,PF,24,CHO,36,0,10.5,1.9,4.8,.398,0.4,1.2,.326,1.5,3.6,.422,.439,0.6,0.7,.840,0.8,1.8,2.6,0.4,0.2,0.2,0.4,1.3,4.8
362,Royce O'Neale\onealro01,SF,24,UTA,48,3,15.3,1.7,4.1,.426,0.6,1.7,.373,1.1,2.3,.464,.505,1.0,1.2,.797,0.4,2.8,3.2,1.4,0.5,0.1,0.8,1.4,5.1
363,Kyle O'Quinn\oquinky01,C,27,NYK,60,4,16.9,2.8,4.6,.599,0.0,0.2,.111,2.8,4.5,.616,.601,1.3,1.7,.750,1.5,4.2,5.7,1.8,0.4,1.1,1.3,2.6,6.8
364,Semi Ojeleye\ojelese01,PF,23,BOS,55,0,14.2,0.7,2.4,.308,0.5,1.8,.290,0.2,0.6,.364,.417,0.3,0.5,.630,0.5,1.5,2.0,0.3,0.3,0.0,0.3,1.1,2.3
365,Emeka Okafor\okafoem01,C,35,NOP,8,6,14.9,1.8,4.0,.438,0.0,0.0,"",1.8,4.0,.438,.438,1.0,1.4,.727,2.3,3.1,5.4,0.4,0.1,1.6,0.3,1.3,4.5
366,Jahlil Okafor\okafoja01,C,22,TOT,24,0,13.0,2.6,4.9,.534,0.0,0.1,.000,2.6,4.8,.548,.534,0.9,1.2,.724,0.8,2.3,3.1,0.5,0.1,0.6,0.8,2.0,6.1
367,Victor Oladipo\oladivi01,SG,25,IND,55,55,34.3,8.8,18.3,.480,2.3,6.1,.370,6.5,12.2,.535,.542,4.2,5.2,.808,0.6,4.7,5.3,4.2,2.2,0.8,2.8,2.3,24.1
368,Kelly Olynyk\olynyke01,PF,26,MIA,55,21,23.4,4.0,8.1,.493,1.3,3.5,.363,2.7,4.7,.590,.571,1.7,2.2,.756,1.1,4.4,5.5,2.3,0.7,0.4,2.0,2.8,10.9
369,Cedi Osman\osmande01,SF,22,CLE,49,7,9.9,1.2,2.5,.500,0.4,1.0,.400,0.8,1.5,.569,.582,0.3,0.6,.567,0.2,1.6,1.9,0.4,0.3,0.1,0.4,1.2,3.2
370,Kelly Oubre\oubreke01,SF,22,WAS,62,10,27.8,4.0,9.6,.420,1.6,4.4,.366,2.4,5.2,.466,.504,2.3,2.7,.840,0.8,3.9,4.6,1.1,0.9,0.4,1.1,2.9,12.0
371,Zaza Pachulia\pachuza01,C,33,GSW,52,48,14.5,2.3,3.8,.603,0.0,0.0,"",2.3,3.8,.603,.603,1.2,1.5,.803,1.2,3.5,4.7,1.7,0.6,0.2,1.1,1.9,5.8
372,Marcus Paige\paigema01,PG,24,CHO,1,0,3.0,0.0,2.0,.000,0.0,0.0,"",0.0,2.0,.000,.000,0.0,0.0,"",0.0,2.0,2.0,0.0,0.0,0.0,0.0,0.0,0.0
373,Georgios Papagiannis\papagge01,C,20,SAC,16,0,7.4,1.1,2.6,.415,0.0,0.0,"",1.1,2.6,.415,.415,0.0,0.0,"",0.8,1.5,2.3,0.6,0.1,0.4,0.5,0.8,2.1
374,Jabari Parker\parkeja01,PF,22,MIL,10,0,19.5,3.8,7.9,.481,0.7,1.6,.438,3.1,6.3,.492,.525,2.5,3.1,.806,0.9,3.1,4.0,0.7,0.6,0.3,1.3,1.2,10.8
375,Tony Parker\parketo01,PG,35,SAS,35,21,20.5,3.7,7.7,.476,0.1,0.7,.217,3.5,7.0,.500,.485,1.0,1.5,.667,0.1,1.9,2.1,3.8,0.6,0.0,1.3,0.8,8.4
376,Chandler Parsons\parsoch01,SF,29,MEM,27,7,20.6,3.3,6.8,.486,1.5,3.6,.417,1.8,3.2,.563,.596,0.6,0.9,.600,0.4,2.3,2.8,2.0,0.5,0.3,1.1,1.7,8.6
377,Patrick Patterson\pattepa01,PF,28,OKC,63,2,15.4,1.2,3.1,.376,0.7,2.0,.367,0.4,1.1,.391,.495,0.5,0.5,.909,0.3,1.8,2.2,0.7,0.6,0.2,0.4,1.0,3.6
378,Brandon Paul\paulbr01,SG,26,SAS,53,2,9.2,0.9,2.1,.440,0.3,0.9,.286,0.6,1.1,.567,.505,0.4,0.6,.606,0.1,1.1,1.2,0.7,0.5,0.1,0.4,0.9,2.5
379,Chris Paul\paulch01,PG,32,HOU,43,43,31.9,6.4,13.8,.463,2.5,6.6,.382,3.9,7.2,.537,.554,3.6,3.9,.911,0.7,5.0,5.7,8.2,1.8,0.3,2.3,2.4,18.8
380,Adreian Payne\paynead01,PF,26,ORL,5,0,8.6,1.4,2.0,.700,0.4,0.6,.667,1.0,1.4,.714,.800,1.0,1.2,.833,0.4,1.4,1.8,0.0,0.4,0.0,0.4,1.2,4.2
381,Cameron Payne\payneca01,PG,23,CHI,4,0,18.8,3.0,8.0,.375,0.5,3.3,.154,2.5,4.8,.526,.406,0.0,0.0,"",0.5,1.8,2.3,4.5,0.8,1.0,1.0,1.5,6.5
382,Elfrid Payton\paytoel01,PG,23,TOT,51,51,29.4,5.6,10.8,.518,0.6,1.6,.363,5.0,9.2,.545,.545,1.8,2.8,.650,1.1,3.3,4.4,6.4,1.4,0.3,2.8,2.3,13.6
383,Gary Payton\paytoga02,PG,25,TOT,16,6,9.0,1.1,2.9,.391,0.1,0.9,.133,1.0,1.9,.516,.413,0.1,0.2,.667,0.5,0.9,1.4,0.8,0.2,0.2,0.2,1.4,2.5
384,London Perrantes\perralo01,PG,23,CLE,2,0,2.0,0.0,0.5,.000,0.0,0.0,"",0.0,0.5,.000,.000,0.0,0.0,"",0.0,0.0,0.0,0.5,0.0,0.0,0.0,0.5,0.0
385,Alec Peters\peteral01,PF,22,PHO,9,0,9.0,0.6,2.7,.208,0.3,2.3,.143,0.2,0.3,.667,.271,0.3,0.3,1.000,0.4,1.6,2.0,0.8,0.0,0.2,0.1,0.2,1.8
386,Marshall Plumlee\plumlma02,C,25,MIL,7,0,6.4,0.1,0.4,.333,0.0,0.0,"",0.1,0.4,.333,.333,1.7,2.3,.750,0.6,1.7,2.3,0.3,0.0,0.1,0.4,1.1,2.0
387,Mason Plumlee\plumlma01,C,27,DEN,53,26,20.9,3.2,5.5,.581,0.0,0.0,.000,3.2,5.5,.583,.581,1.1,2.7,.426,1.9,4.0,5.9,2.0,0.8,1.1,1.6,2.4,7.5
388,Miles Plumlee\plumlmi01,C,29,ATL,41,34,16.6,1.9,3.2,.608,0.0,0.0,"",1.9,3.2,.608,.608,0.4,1.0,.439,1.3,2.5,3.7,0.9,0.4,0.6,1.1,1.5,4.3
389,Jakob Poeltl\poeltja01,C,22,TOR,60,0,18.4,3.1,4.7,.650,0.0,0.0,.500,3.1,4.7,.651,.652,0.8,1.4,.598,2.0,2.7,4.7,0.7,0.4,1.3,1.0,2.7,7.0
390,Quincy Pondexter\pondequ01,SF,29,CHI,23,1,8.5,0.6,2.1,.286,0.1,1.0,.136,0.5,1.2,.407,.316,0.6,0.7,.824,0.3,0.8,1.2,0.4,0.3,0.1,0.5,1.0,2.0
391,Otto Porter\porteot01,SF,24,WAS,58,58,31.9,5.8,11.8,.496,1.7,4.2,.419,4.1,7.6,.538,.570,1.5,1.7,.850,1.4,5.1,6.5,2.1,1.6,0.5,0.9,2.1,14.9
392,Bobby Portis\portibo01,PF,22,CHI,52,1,21.3,5.0,10.7,.472,1.0,2.9,.349,4.0,7.8,.519,.520,1.9,2.4,.790,2.2,4.3,6.5,1.6,0.6,0.3,1.2,1.5,13.0
393,Kristaps Porzingis\porzikr01,PF,22,NYK,48,48,32.4,8.1,18.5,.439,1.9,4.8,.393,6.3,13.8,.455,.489,4.5,5.7,.793,1.3,5.3,6.6,1.2,0.8,2.4,1.9,2.9,22.7
394,Dwight Powell\poweldw01,C,26,DAL,61,8,20.4,3.2,5.3,.595,0.2,0.9,.264,3.0,4.5,.659,.617,1.5,2.1,.700,1.7,3.7,5.4,1.0,0.9,0.4,0.7,2.3,8.1
395,Norman Powell\powelno01,SG,24,TOR,51,12,15.9,2.3,5.6,.403,0.8,2.6,.291,1.5,3.0,.500,.470,0.6,0.7,.806,0.2,1.5,1.7,1.4,0.6,0.3,1.0,1.7,5.9
396,Alex Poythress\poythal01,PF,24,IND,22,0,4.2,0.5,1.0,.455,0.1,0.4,.375,0.3,0.6,.500,.523,0.0,0.0,"",0.3,0.3,0.6,0.1,0.1,0.0,0.1,0.6,1.0
397,Jacob Pullen\pulleja01,PG,28,PHI,3,0,2.0,0.3,0.7,.500,0.0,0.3,.000,0.3,0.3,1.000,.500,0.0,0.0,"",0.0,0.0,0.0,0.0,0.0,0.0,0.3,0.0,0.7
398,Zhou Qi\qizh01,C,22,HOU,14,0,5.4,0.3,1.7,.167,0.1,1.1,.133,0.1,0.6,.222,.208,0.5,0.7,.700,0.1,0.8,0.9,0.1,0.1,0.4,0.4,0.9,1.2
399,Ivan Rabb\rabbiv01,PF,20,MEM,20,1,11.5,2.1,3.3,.621,0.0,0.0,"",2.1,3.3,.621,.621,0.6,0.8,.800,1.2,2.2,3.4,0.7,0.2,0.2,1.0,1.2,4.7
400,Julius Randle\randlju01,C,23,LAL,60,27,24.9,5.8,10.4,.561,0.2,0.7,.225,5.7,9.7,.584,.568,3.0,4.3,.685,2.1,5.5,7.6,2.5,0.5,0.6,2.5,3.3,14.8
401,Zach Randolph\randoza01,PF,36,SAC,52,50,25.8,6.3,12.9,.486,0.9,2.4,.365,5.4,10.4,.514,.520,1.5,1.9,.794,1.8,5.2,7.0,2.1,0.8,0.2,2.1,2.1,14.9
402,J.J. Redick\redicjj01,SG,33,PHI,48,48,31.6,5.5,12.7,.438,2.6,6.7,.396,2.9,6.0,.484,.542,2.9,3.0,.938,0.2,2.5,2.7,3.3,0.6,0.1,1.5,2.0,16.6
403,Davon Reed\reedda01,SG,22,PHO,7,0,8.0,0.4,2.1,.200,0.3,1.0,.286,0.1,1.1,.125,.267,0.1,0.3,.500,0.0,0.9,0.9,0.6,0.3,0.1,0.3,0.9,1.3
404,Willie Reed\reedwi02,C,27,TOT,42,5,10.2,1.9,2.9,.669,0.0,0.0,.500,1.9,2.8,.672,.674,0.8,1.3,.582,0.8,2.0,2.9,0.2,0.2,0.5,0.5,1.3,4.6
405,Josh Richardson\richajo01,SF,24,MIA,61,61,34.1,5.0,11.1,.452,1.7,4.4,.379,3.3,6.7,.500,.527,1.5,1.8,.826,0.8,2.6,3.4,2.8,1.5,0.9,1.9,2.6,13.2
406,Malachi Richardson\richama01,SG,22,TOT,26,4,12.5,1.2,3.5,.333,0.5,1.5,.300,0.7,1.9,.360,.400,0.7,0.8,.773,0.2,1.1,1.3,0.5,0.4,0.0,0.4,1.0,3.4
407,Austin Rivers\riverau01,SG,25,LAC,40,38,33.0,5.7,13.3,.424,2.4,6.1,.385,3.3,7.2,.457,.512,1.7,2.7,.632,0.4,1.9,2.3,3.7,1.1,0.3,1.8,2.6,15.3
408,Andre Roberson\roberan03,SG,26,OKC,39,39,26.6,2.2,4.2,.537,0.2,0.9,.222,2.0,3.2,.627,.562,0.3,1.0,.316,1.9,2.8,4.7,1.2,1.2,0.9,0.8,2.3,5.0
409,Glenn Robinson\robingl02,SF,24,IND,3,0,17.3,2.0,5.0,.400,0.0,1.3,.000,2.0,3.7,.545,.400,0.7,1.0,.667,0.7,1.3,2.0,1.7,0.7,0.3,0.3,0.7,4.7
410,Rajon Rondo\rondora01,PG,31,NOP,47,45,25.2,3.3,7.3,.455,0.8,2.4,.342,2.5,4.9,.509,.510,0.3,0.5,.500,0.6,3.3,3.8,7.6,0.9,0.2,2.2,1.9,7.7
411,Derrick Rose\rosede01,PG,29,CLE,16,7,19.3,3.6,8.3,.439,0.4,1.5,.250,3.3,6.8,.481,.462,2.2,2.6,.854,0.6,1.2,1.8,1.6,0.2,0.3,1.8,0.9,9.8
412,Terrence Ross\rosste01,SG,26,ORL,22,20,26.2,3.3,8.0,.407,1.3,3.9,.329,2.0,4.2,.478,.486,1.2,1.6,.743,0.5,2.7,3.2,1.6,1.2,0.4,1.1,2.0,9.0
413,Terry Rozier\roziete01,PG,23,BOS,63,3,24.1,3.6,9.1,.398,1.7,4.5,.379,1.9,4.6,.417,.492,1.3,1.7,.771,0.8,3.7,4.5,2.5,1.0,0.2,0.9,1.5,10.3
414,Ricky Rubio\rubiori01,PG,27,UTA,57,57,29.1,4.2,10.3,.406,1.1,3.4,.326,3.1,6.9,.445,.460,2.6,3.0,.866,0.5,3.7,4.2,5.2,1.5,0.1,2.8,2.6,12.1
415,D'Angelo Russell\russeda01,PG,21,BRK,28,15,24.7,6.0,14.2,.422,1.4,4.9,.283,4.6,9.3,.496,.471,2.4,3.3,.736,0.6,3.1,3.8,4.8,0.7,0.2,3.2,2.0,15.8
416,Domantas Sabonis\sabondo01,C,21,IND,59,19,25.4,4.8,9.1,.528,0.2,0.5,.333,4.6,8.5,.540,.537,2.5,3.4,.732,2.5,5.7,8.2,2.2,0.5,0.5,2.0,2.9,12.2
417,JaKarr Sampson\sampsja02,SF,24,SAC,13,3,14.3,1.9,3.0,.641,0.2,0.4,.600,1.7,2.6,.647,.679,0.2,0.3,.750,1.0,2.7,3.7,0.5,0.3,0.7,0.4,2.2,4.3
418,Dario Saric\saricda01,PF,23,PHI,58,53,30.8,5.2,11.7,.445,1.9,5.1,.382,3.2,6.6,.495,.529,2.3,2.6,.888,2.1,4.9,6.9,2.7,0.7,0.3,1.9,2.1,14.7
419,Tomas Satoransky\satorto01,SG,26,WAS,53,14,19.6,2.5,4.6,.535,0.6,1.3,.465,1.8,3.3,.563,.602,0.9,1.2,.754,0.8,1.7,2.5,3.4,0.7,0.2,0.9,1.5,6.5
420,Dennis Schroder\schrode01,PG,24,ATL,58,58,31.2,7.4,17.1,.432,1.1,3.8,.285,6.3,13.3,.475,.464,3.4,3.9,.868,0.7,2.4,3.1,6.1,1.2,0.1,2.6,2.1,19.3
421,Mike Scott\scottmi01,PF,29,WAS,57,1,18.1,3.6,6.8,.536,0.9,2.2,.405,2.7,4.6,.600,.602,0.6,0.9,.692,0.6,2.6,3.2,0.9,0.3,0.2,1.1,2.0,8.8
422,Thabo Sefolosha\sefolth01,SF,33,UTA,38,6,21.2,3.1,6.3,.492,0.8,2.2,.381,2.3,4.1,.551,.558,1.2,1.4,.815,0.8,3.5,4.2,0.9,1.4,0.3,0.8,1.6,8.2
423,Wayne Selden\seldewa01,SG,23,MEM,20,8,19.5,2.9,7.1,.404,1.2,3.2,.381,1.7,3.9,.423,.489,1.4,1.9,.730,0.5,1.3,1.8,1.8,0.6,0.1,1.8,2.0,8.3
424,Ramon Sessions\sessira01,PG,31,NYK,13,3,12.8,1.3,4.1,.321,0.2,0.8,.182,1.2,3.2,.357,.340,0.9,1.2,.800,0.1,1.3,1.4,2.1,0.5,0.1,1.2,1.1,3.7
425,Iman Shumpert\shumpim01,SG,27,CLE,14,6,19.7,1.6,4.1,.379,0.5,1.9,.269,1.1,2.3,.469,.440,0.8,1.1,.733,0.5,2.4,2.9,1.2,0.6,0.4,1.2,1.6,4.4
426,Pascal Siakam\siakapa01,PF,23,TOR,59,4,20.2,3.1,6.0,.506,0.3,1.8,.187,2.7,4.2,.643,.534,0.6,1.0,.607,1.1,3.4,4.5,1.9,0.8,0.5,0.8,2.0,7.1
427,Ben Simmons\simmobe01,PG,21,PHI,58,58,34.8,7.0,13.2,.532,0.0,0.2,.000,7.0,13.0,.539,.532,2.6,4.6,.568,1.8,5.8,7.7,7.4,1.8,0.9,3.6,2.7,16.6
428,Jonathon Simmons\simmojo02,SG,28,ORL,60,41,29.0,5.2,11.1,.468,0.9,2.8,.325,4.3,8.3,.517,.510,2.5,3.3,.769,0.9,2.6,3.5,2.4,0.9,0.3,2.0,2.5,13.8
429,Kobi Simmons\simmoko01,PG,20,MEM,13,0,15.3,1.6,4.1,.396,0.2,1.0,.231,1.4,3.1,.450,.425,0.5,0.5,1.000,0.2,1.2,1.5,1.2,0.6,0.2,0.8,1.4,4.0
430,Kyle Singler\singlky01,SF,29,OKC,12,0,4.9,0.6,1.8,.333,0.2,0.4,.400,0.4,1.3,.313,.381,0.6,1.1,.538,0.1,0.8,0.8,0.2,0.1,0.0,0.3,0.3,1.9
431,Marcus Smart\smartma01,SG,23,BOS,50,10,29.8,3.5,9.5,.368,1.4,4.5,.301,2.1,5.0,.428,.439,1.7,2.3,.726,0.7,2.7,3.4,4.7,1.3,0.4,2.4,2.6,10.1
432,Dennis Smith\smithde03,PG,20,DAL,54,54,29.4,5.6,14.4,.388,1.5,5.0,.306,4.1,9.4,.431,.441,2.0,2.9,.690,0.7,3.2,3.9,4.8,1.0,0.2,2.9,2.2,14.6
433,Ish Smith\smithis01,PG,29,DET,61,26,24.7,4.8,9.9,.479,0.2,0.8,.271,4.5,9.1,.497,.490,1.2,1.7,.696,0.4,2.4,2.8,4.4,0.8,0.2,1.3,1.8,10.9
434,J.R. Smith\smithjr01,SG,32,CLE,59,56,29.3,3.0,7.6,.392,1.9,5.3,.363,1.1,2.3,.457,.518,0.4,0.6,.684,0.4,2.6,3.0,1.9,0.9,0.2,1.0,2.2,8.3
435,Jason Smith\smithja02,C,31,WAS,23,2,9.4,1.3,3.7,.349,0.0,1.0,.045,1.3,2.8,.453,.355,0.7,0.7,.882,0.7,1.0,1.7,0.5,0.1,0.4,0.5,1.7,3.3
436,Josh Smith\smithjo03,PF,32,NOP,3,0,4.0,0.3,1.3,.250,0.0,0.0,"",0.3,1.3,.250,.250,0.0,0.0,"",1.0,0.3,1.3,0.0,0.0,0.0,0.0,1.0,0.7
437,Tony Snell\snellto01,SG,26,MIL,55,43,28.9,2.6,5.9,.439,1.5,3.6,.407,1.1,2.3,.488,.563,0.6,0.8,.786,0.2,1.9,2.1,1.2,0.7,0.4,0.5,1.6,7.3
438,Marreese Speights\speigma01,C,30,ORL,47,3,13.3,2.7,6.9,.393,1.7,4.6,.369,1.0,2.3,.443,.517,0.8,1.1,.760,0.4,2.2,2.7,0.8,0.1,0.4,0.8,2.1,7.9
439,Nik Stauskas\stausni01,SG,24,TOT,33,0,12.7,1.4,3.5,.385,1.0,2.4,.405,0.4,1.2,.342,.521,0.5,0.6,.800,0.1,1.4,1.5,0.9,0.2,0.1,0.6,0.5,4.2
440,Lance Stephenson\stephla01,SG,27,IND,61,6,23.4,3.7,8.6,.437,0.9,2.8,.312,2.9,5.8,.497,.488,1.0,1.6,.667,0.7,4.8,5.5,3.1,0.6,0.2,1.7,2.1,9.4
441,Julyan Stone\stoneju01,SG,29,CHO,12,0,4.0,0.2,0.3,.500,0.2,0.3,.500,0.0,0.0,"",.750,0.0,0.0,"",0.0,1.0,1.0,0.9,0.2,0.1,0.3,0.8,0.5
442,Caleb Swanigan\swanica01,PF,20,POR,18,3,7.9,0.9,2.5,.356,0.1,0.3,.167,0.8,2.2,.385,.367,0.4,0.7,.615,0.7,1.3,2.1,0.5,0.3,0.2,0.7,1.4,2.3
443,Jayson Tatum\tatumja01,SF,19,BOS,63,63,30.5,4.7,9.9,.473,1.3,2.9,.432,3.4,7.0,.490,.537,2.6,3.2,.829,0.7,4.3,5.0,1.4,0.9,0.8,1.3,2.1,13.3
444,Isaiah Taylor\taylois01,PG,23,ATL,47,0,14.7,1.9,4.4,.444,0.3,1.0,.289,1.7,3.4,.488,.476,1.1,1.7,.667,0.3,1.0,1.3,2.4,0.5,0.2,0.9,1.4,5.3
445,Jeff Teague\teaguje01,PG,29,MIN,53,53,33.2,4.9,11.0,.444,1.2,3.1,.376,3.7,7.9,.471,.497,2.6,3.1,.825,0.4,2.6,3.0,7.0,1.5,0.3,2.6,2.5,13.5
446,Mirza Teletovic\teletmi01,PF,32,MIL,10,0,15.9,2.5,5.7,.439,2.1,4.5,.467,0.4,1.2,.333,.623,0.0,0.0,"",0.3,2.0,2.3,1.0,0.4,0.1,0.7,1.4,7.1
447,Garrett Temple\templga01,SG,31,SAC,55,34,25.0,3.1,7.5,.411,1.3,3.5,.380,1.8,4.0,.437,.499,0.9,1.2,.731,0.4,2.1,2.4,2.1,0.9,0.4,1.3,2.1,8.4
448,Milos Teodosic\teodomi01,PG,30,LAC,31,27,24.9,3.3,8.4,.398,2.0,5.5,.365,1.3,2.9,.461,.517,0.7,0.8,.880,0.5,2.7,3.2,5.0,0.5,0.1,2.3,2.4,9.4
449,Jason Terry\terryja01,SG,40,MIL,30,0,12.3,0.9,2.5,.378,0.6,1.8,.358,0.3,0.7,.429,.507,0.2,0.2,1.000,0.0,0.9,0.9,0.9,0.5,0.2,0.4,1.0,2.7
450,Daniel Theis\theisda01,C,25,BOS,60,3,14.8,2.0,3.8,.540,0.3,0.9,.321,1.7,2.8,.612,.580,1.0,1.3,.756,1.5,2.9,4.4,0.9,0.5,0.8,0.9,2.5,5.4
451,Isaiah Thomas\thomais02,PG,28,TOT,21,14,25.8,4.5,12.1,.369,1.5,5.7,.269,3.0,6.5,.456,.431,3.8,4.2,.899,0.4,1.5,1.9,4.5,0.6,0.1,2.8,1.8,14.3
452,Lance Thomas\thomala01,PF,29,NYK,59,22,18.2,1.4,3.4,.399,0.6,1.5,.400,0.8,1.9,.398,.488,0.6,0.8,.844,0.6,1.8,2.4,0.6,0.4,0.2,0.5,1.7,4.0
453,Klay Thompson\thompkl01,SG,27,GSW,61,61,34.1,7.8,15.7,.494,3.2,7.1,.449,4.6,8.7,.530,.595,1.1,1.3,.840,0.4,3.5,3.9,2.5,0.7,0.5,1.7,1.6,19.8
454,Tristan Thompson\thomptr01,C,26,CLE,40,19,21.2,2.7,4.5,.592,0.0,0.0,"",2.7,4.5,.592,.592,0.9,1.5,.557,2.2,4.2,6.4,0.7,0.3,0.4,0.7,2.1,6.2
455,Sindarius Thornwell\thornsi01,SG,23,LAC,51,8,12.8,1.1,2.5,.445,0.3,0.8,.385,0.8,1.7,.472,.504,0.6,1.0,.660,0.3,1.2,1.4,0.7,0.5,0.3,0.6,1.5,3.2
456,Anthony Tolliver\tollian01,PF,32,DET,58,6,21.2,2.4,5.6,.438,1.8,4.4,.412,0.6,1.2,.536,.600,1.2,1.5,.802,0.6,2.3,2.9,1.2,0.3,0.2,0.8,1.8,7.9
457,Karl-Anthony Towns\townska01,C,22,MIN,64,64,35.2,7.5,13.7,.545,1.4,3.5,.413,6.0,10.2,.590,.598,4.0,4.6,.861,2.9,9.3,12.3,2.4,0.8,1.5,2.0,3.4,20.3
458,P.J. Tucker\tuckepj01,SF,32,HOU,61,13,27.6,1.9,5.0,.377,1.2,3.4,.356,0.7,1.6,.420,.497,0.6,0.8,.792,1.1,4.5,5.6,0.9,1.0,0.2,0.8,2.6,5.6
459,Evan Turner\turneev01,SF,29,POR,58,28,25.7,3.2,7.1,.444,0.4,1.4,.301,2.7,5.7,.480,.475,1.2,1.4,.840,0.4,3.0,3.3,2.2,0.6,0.3,1.3,2.0,7.9
460,Myles Turner\turnemy01,C,21,IND,45,42,28.0,5.0,10.0,.493,0.9,2.5,.369,4.0,7.6,.534,.539,2.6,3.4,.760,1.4,5.3,6.7,1.4,0.5,2.0,1.5,2.9,13.4
461,Ekpe Udoh\udohek01,C,30,UTA,50,3,14.7,1.2,2.2,.537,0.0,0.0,"",1.2,2.2,.537,.537,0.8,1.1,.759,1.2,1.4,2.7,1.0,0.8,1.2,0.3,1.8,3.1
462,Tyler Ulis\ulisty01,PG,22,PHO,56,37,22.5,2.6,7.0,.376,0.5,1.8,.257,2.2,5.2,.417,.409,1.0,1.3,.806,0.3,1.3,1.6,3.9,1.0,0.1,1.6,1.7,6.8
463,Jonas Valanciunas\valanjo01,C,25,TOR,56,56,22.1,4.7,8.3,.566,0.4,0.8,.457,4.3,7.5,.578,.588,2.0,2.5,.819,2.2,6.1,8.3,1.0,0.4,0.8,1.4,2.6,11.8
464,Denzel Valentine\valende01,SG,24,CHI,61,32,27.7,3.8,9.2,.412,1.8,4.7,.376,2.0,4.5,.449,.508,0.5,0.7,.825,0.7,4.7,5.4,3.1,0.7,0.1,1.2,2.4,9.9
465,Fred VanVleet\vanvlfr01,PG,23,TOR,57,0,19.0,2.9,6.8,.430,1.3,3.0,.416,1.6,3.7,.441,.523,1.0,1.2,.866,0.3,2.2,2.5,3.1,0.9,0.2,0.9,1.7,8.1
466,Rashad Vaughn\vaughra01,SG,21,TOT,27,0,7.5,0.9,2.0,.418,0.5,1.3,.389,0.3,0.7,.474,.545,0.1,0.2,.667,0.1,0.6,0.7,0.5,0.2,0.1,0.2,0.5,2.4
467,Noah Vonleh\vonleno01,PF,22,TOT,38,12,14.3,1.5,3.0,.504,0.1,0.3,.385,1.4,2.6,.520,.527,0.7,1.0,.703,1.0,4.1,5.1,0.4,0.2,0.3,0.5,1.2,3.8
468,Nikola Vucevic\vucevni01,C,27,ORL,38,38,29.8,7.2,14.6,.495,1.4,4.1,.348,5.8,10.5,.553,.544,1.3,1.6,.803,1.8,7.3,9.0,3.2,1.1,1.2,1.9,2.5,17.2
469,Dwyane Wade\wadedw01,SG,36,TOT,52,3,23.2,4.4,9.7,.449,0.5,1.5,.325,3.9,8.2,.472,.474,2.0,2.8,.710,0.9,3.1,4.0,3.4,0.9,0.7,2.1,1.9,11.2
470,Dion Waiters\waitedi01,SG,26,MIA,30,30,30.6,5.4,13.7,.398,1.7,5.7,.306,3.7,8.0,.463,.461,1.7,2.3,.739,0.3,2.3,2.6,3.8,0.8,0.3,2.3,2.0,14.3
471,Kemba Walker\walkeke02,PG,27,CHO,60,60,34.7,7.7,17.8,.433,3.0,7.6,.393,4.7,10.2,.462,.517,4.7,5.5,.854,0.4,2.8,3.3,5.8,1.2,0.3,2.2,1.4,23.1
472,John Wall\walljo01,PG,27,WAS,37,37,34.3,6.8,16.3,.417,1.4,4.0,.358,5.4,12.3,.436,.461,4.3,6.0,.719,0.5,3.0,3.6,9.3,1.3,1.1,3.6,1.9,19.4
473,Tyrone Wallace\wallaty01,PG,23,LAC,21,12,27.7,3.7,8.0,.461,0.4,1.2,.308,3.3,6.7,.489,.485,2.4,3.0,.781,0.7,2.7,3.4,2.5,0.9,0.4,1.2,2.8,10.1
474,Taurean Waller-Prince\princta02,SF,23,ATL,62,62,29.9,4.5,10.9,.415,1.8,4.9,.370,2.7,6.0,.452,.498,1.6,2.0,.823,0.7,4.1,4.7,2.3,1.0,0.5,2.2,2.1,12.5
475,Derrick Walton\waltode01,PG,22,MIA,14,0,9.8,0.6,1.7,.333,0.5,1.2,.412,0.1,0.5,.143,.479,0.3,0.3,1.000,0.1,0.8,0.9,1.1,0.4,0.2,0.1,0.4,1.9
476,T.J. Warren\warretj01,SF,24,PHO,59,59,32.6,8.1,16.2,.497,0.3,1.4,.210,7.8,14.8,.524,.506,3.1,4.1,.752,1.8,3.3,5.1,1.4,1.0,0.6,1.3,2.2,19.5
477,James Webb\webbja01,SF,24,BRK,9,0,12.0,0.6,2.3,.238,0.4,1.9,.235,0.1,0.4,.250,.333,0.0,0.0,"",0.8,1.7,2.4,0.4,0.1,0.0,0.3,1.1,1.6
478,Briante Weber\weberbr01,PG,25,HOU,13,0,9.1,0.7,1.7,.409,0.3,0.7,.444,0.4,1.0,.385,.500,0.3,0.3,1.000,0.2,1.2,1.4,1.0,0.8,0.2,0.5,1.4,2.0
479,David West\westda01,C,37,GSW,58,0,13.6,3.1,5.1,.612,0.1,0.1,.429,3.1,4.9,.617,.617,0.8,1.1,.742,0.9,2.5,3.4,1.9,0.6,1.1,1.1,1.7,7.1
480,Russell Westbrook\westbru01,PG,29,OKC,61,61,36.2,9.3,21.1,.438,1.2,4.4,.285,8.0,16.8,.478,.468,5.1,7.0,.736,1.7,7.9,9.6,10.3,2.0,0.2,4.7,2.3,24.9
481,Andrew White\whitean01,SF,24,ATL,3,0,12.3,2.7,6.0,.444,1.0,3.7,.273,1.7,2.3,.714,.528,0.0,0.3,.000,0.7,0.7,1.3,0.3,0.3,0.0,0.3,1.3,6.3
482,Derrick White\whitede01,PG,23,SAS,16,0,7.5,0.8,1.6,.480,0.3,0.5,.500,0.5,1.1,.471,.560,0.8,1.1,.667,0.3,1.1,1.4,0.5,0.3,0.1,0.4,0.5,2.5
483,Okaro White\whiteok01,PF,25,MIA,6,4,13.3,1.2,2.7,.438,0.7,1.8,.364,0.5,0.8,.600,.563,0.3,0.5,.667,0.5,1.3,1.8,0.3,0.2,0.2,0.2,1.0,3.3
484,Isaiah Whitehead\whiteis01,PG,22,BRK,16,0,11.3,2.5,5.4,.465,0.4,1.1,.389,2.1,4.3,.485,.506,0.8,1.2,.684,0.3,1.4,1.6,1.3,0.5,0.1,1.5,1.4,6.3
485,Hassan Whiteside\whiteha01,C,28,MIA,42,42,26.1,6.0,10.8,.551,0.0,0.0,1.000,5.9,10.8,.549,.553,2.3,3.4,.676,3.2,8.7,11.9,0.9,0.8,1.7,1.8,2.3,14.2
486,Andrew Wiggins\wiggian01,SF,22,MIN,64,64,36.1,7.0,15.7,.443,1.3,4.2,.320,5.6,11.5,.488,.486,2.5,3.9,.636,1.0,3.2,4.1,1.8,1.1,0.6,1.7,1.9,17.7
487,Jacob Wiley\wileyja01,PF,23,BRK,5,0,6.6,0.2,0.8,.250,0.2,0.4,.500,0.0,0.4,.000,.375,0.2,0.4,.500,0.4,1.8,2.2,0.4,0.2,0.0,0.0,0.8,0.8
488,Damien Wilkins\wilkida02,SF,38,IND,19,1,8.0,0.7,2.1,.333,0.2,0.9,.222,0.5,1.1,.429,.385,0.2,0.2,.750,0.3,0.6,0.8,0.5,0.1,0.1,0.3,0.4,1.7
489,C.J. Williams\willicj01,SG,27,LAC,29,14,19.5,2.4,5.3,.458,0.7,2.2,.328,1.7,3.1,.551,.526,0.4,0.5,.786,0.3,1.1,1.5,0.9,0.8,0.4,0.6,1.8,5.9
490,Lou Williams\willilo02,SG,31,LAC,59,14,32.5,7.5,16.8,.444,2.7,7.3,.374,4.7,9.6,.496,.524,5.6,6.2,.891,0.5,2.1,2.5,5.4,1.1,0.2,2.9,1.4,23.2
491,Marvin Williams\willima02,PF,31,CHO,58,58,25.9,3.3,7.1,.466,1.7,3.8,.434,1.6,3.3,.503,.583,1.2,1.5,.837,1.0,3.8,4.8,1.1,0.7,0.4,0.9,1.6,9.5
492,Matt Williams\willima05,SG,24,MIA,3,0,3.7,0.7,2.0,.333,0.3,1.7,.200,0.3,0.3,1.000,.417,0.0,0.0,"",0.0,0.3,0.3,0.0,0.0,0.0,0.3,0.3,1.7
493,Troy Williams\willitr02,SF,23,TOT,7,0,7.1,1.6,3.4,.458,0.0,1.4,.000,1.6,2.0,.786,.458,0.6,1.0,.571,0.4,1.4,1.9,0.1,0.6,0.1,0.4,0.7,3.7
494,D.J. Wilson\wilsodj01,PF,21,MIL,20,0,3.4,0.4,0.7,.571,0.1,0.3,.400,0.3,0.5,.667,.643,0.1,0.1,.500,0.1,0.4,0.5,0.2,0.1,0.1,0.2,0.3,1.0
495,Jamil Wilson\wilsoja02,SF,27,LAC,15,10,18.3,2.5,5.4,.469,1.8,4.2,.429,0.7,1.2,.611,.636,0.1,0.3,.500,0.2,1.9,2.1,0.7,0.3,0.5,0.5,2.3,7.0
496,Justise Winslow\winslju01,SF,21,MIA,47,24,23.1,2.4,6.1,.399,0.6,1.4,.412,1.8,4.6,.394,.448,0.9,1.2,.690,0.9,4.3,5.2,2.1,0.7,0.5,1.1,2.0,6.3
497,Jeff Withey\witheje01,C,27,DAL,10,0,3.9,0.6,1.6,.375,0.2,1.0,.200,0.4,0.6,.667,.438,0.1,0.2,.500,0.1,0.9,1.0,0.0,0.0,0.3,0.2,0.3,1.5
498,Nate Wolters\woltena01,PG,26,UTA,5,0,3.8,0.2,1.2,.167,0.0,0.0,"",0.2,1.2,.167,.167,0.0,0.0,"",0.2,0.2,0.4,0.2,0.0,0.0,0.0,0.2,0.4
499,Brandan Wright\wrighbr03,PF,30,TOT,28,1,13.6,2.1,3.6,.578,0.0,0.0,"",2.1,3.6,.578,.578,0.8,1.2,.636,1.2,2.2,3.4,0.5,0.5,0.9,0.3,1.1,5.0
500,Delon Wright\wrighde01,PG,25,TOR,48,3,21.1,3.0,6.4,.469,0.8,2.1,.369,2.2,4.2,.520,.531,1.5,1.8,.869,0.7,2.2,2.9,2.8,1.1,0.5,1.3,1.3,8.3
501,Guerschon Yabusele\yabusgu01,PF,22,BOS,22,0,5.0,0.6,1.5,.406,0.4,1.0,.364,0.2,0.5,.500,.531,0.2,0.4,.556,0.5,0.9,1.4,0.3,0.0,0.0,0.3,0.6,1.8
502,James Young\youngja01,SG,22,PHI,5,0,10.4,0.8,2.4,.333,0.6,2.0,.300,0.2,0.4,.500,.458,0.8,1.2,.667,0.0,0.4,0.4,0.4,0.0,0.0,0.0,0.6,3.0
503,Joe Young\youngjo01,PG,25,IND,44,1,10.7,1.5,3.4,.450,0.5,1.2,.389,1.0,2.2,.484,.520,0.4,0.6,.720,0.1,1.0,1.1,0.7,0.3,0.0,0.5,0.7,3.9
504,Nick Young\youngni01,SG,32,GSW,60,1,14.3,2.3,5.3,.440,1.5,3.7,.397,0.9,1.7,.535,.577,0.4,0.6,.743,0.2,1.0,1.3,0.4,0.5,0.1,0.4,1.1,6.6
505,Thaddeus Young\youngth01,PF,29,IND,61,61,32.7,5.3,10.8,.492,0.9,2.4,.349,4.5,8.4,.534,.532,0.6,1.0,.571,2.1,3.9,6.0,2.1,1.6,0.5,1.3,2.1,12.1
506,Cody Zeller\zelleco01,C,25,CHO,30,0,19.0,2.5,4.8,.517,0.1,0.1,.667,2.4,4.7,.514,.524,1.9,2.6,.709,2.1,3.3,5.4,1.0,0.4,0.7,1.1,2.4,6.9
507,Tyler Zeller\zellety01,C,28,TOT,50,33,16.6,2.9,5.2,.556,0.2,0.6,.357,2.7,4.7,.579,.575,0.8,1.2,.667,1.6,3.0,4.6,0.6,0.2,0.5,0.8,1.8,6.8
508,Paul Zipser\zipsepa01,SF,23,CHI,49,9,14.9,1.5,4.1,.360,0.7,1.9,.348,0.8,2.3,.369,.438,0.2,0.4,.667,0.2,2.1,2.4,0.8,0.4,0.2,0.8,1.5,3.9
509,Ante Zizic\zizican01,C,21,CLE,16,1,3.0,0.4,0.8,.462,0.0,0.0,"",0.4,0.8,.462,.462,0.3,0.4,.714,0.4,0.7,1.1,0.1,0.0,0.3,0.2,0.3,1.1
510,Ivica Zubac\zubaciv01,C,20,LAL,21,0,6.6,1.4,2.3,.604,0.0,0.0,"",1.4,2.3,.604,.604,0.6,0.8,.706,0.7,1.1,1.8,0.2,0.0,0.1,0.6,0.9,3.3
